dataset_id,persistentUrl,publicationdate,title,subject,keywordValue,keywordVocabulary,keywordVocabularyURI
2693658,https://doi.org/10.7910/DVN/ZMP4MZ,2015-11-03,ASTI Bangladesh Database,Arts and Humanities,BANGLADESH,AGROVOC,http://aims.fao.org/aos/agrovoc/c_810
2693658,https://doi.org/10.7910/DVN/ZMP4MZ,2015-11-03,ASTI Bangladesh Database,Arts and Humanities,SOUTH ASIA,AGROVOC,http://aims.fao.org/aos/agrovoc/c_29172
2693658,https://doi.org/10.7910/DVN/ZMP4MZ,2015-11-03,ASTI Bangladesh Database,Arts and Humanities,ASIA,AGROVOC,http://aims.fao.org/aos/agrovoc/c_666
2693658,https://doi.org/10.7910/DVN/ZMP4MZ,2015-11-03,ASTI Bangladesh Database,Arts and Humanities,agricultural research,AGROVOC,http://aims.fao.org/aos/agrovoc/c_8679
2693658,https://doi.org/10.7910/DVN/ZMP4MZ,2015-11-03,ASTI Bangladesh Database,Social Sciences,BANGLADESH,AGROVOC,http://aims.fao.org/aos/agrovoc/c_810
2693658,https://doi.org/10.7910/DVN/ZMP4MZ,2015-11-03,ASTI Bangladesh Database,Social Sciences,SOUTH ASIA,AGROVOC,http://aims.fao.org/aos/agrovoc/c_29172
2693658,https://doi.org/10.7910/DVN/ZMP4MZ,2015-11-03,ASTI Bangladesh Database,Social Sciences,ASIA,AGROVOC,http://aims.fao.org/aos/agrovoc/c_666
2693658,https://doi.org/10.7910/DVN/ZMP4MZ,2015-11-03,ASTI Bangladesh Database,Social Sciences,agricultural research,AGROVOC,http://aims.fao.org/aos/agrovoc/c_8679
2694106,https://doi.org/10.7910/DVN/0T1OLX,2015-11-03,ASTI Nepal Database,Arts and Humanities,NEPAL,AGROVOC,http://aims.fao.org/aos/agrovoc/c_5124
2694106,https://doi.org/10.7910/DVN/0T1OLX,2015-11-03,ASTI Nepal Database,Arts and Humanities,SOUTH ASIA,AGROVOC,http://aims.fao.org/aos/agrovoc/c_29172
2694106,https://doi.org/10.7910/DVN/0T1OLX,2015-11-03,ASTI Nepal Database,Arts and Humanities,ASIA,AGROVOC,http://aims.fao.org/aos/agrovoc/c_666
2694106,https://doi.org/10.7910/DVN/0T1OLX,2015-11-03,ASTI Nepal Database,Arts and Humanities,agricultural research,AGROVOC,http://aims.fao.org/aos/agrovoc/c_8679
2694106,https://doi.org/10.7910/DVN/0T1OLX,2015-11-03,ASTI Nepal Database,Social Sciences,NEPAL,AGROVOC,http://aims.fao.org/aos/agrovoc/c_5124
2694106,https://doi.org/10.7910/DVN/0T1OLX,2015-11-03,ASTI Nepal Database,Social Sciences,SOUTH ASIA,AGROVOC,http://aims.fao.org/aos/agrovoc/c_29172
2694106,https://doi.org/10.7910/DVN/0T1OLX,2015-11-03,ASTI Nepal Database,Social Sciences,ASIA,AGROVOC,http://aims.fao.org/aos/agrovoc/c_666
2694106,https://doi.org/10.7910/DVN/0T1OLX,2015-11-03,ASTI Nepal Database,Social Sciences,agricultural research,AGROVOC,http://aims.fao.org/aos/agrovoc/c_8679
2694109,https://doi.org/10.7910/DVN/SVWMVO,2015-11-03, ASTI Eritrea database ,Arts and Humanities,Eritrea,AGROVOC,http://aims.fao.org/aos/agrovoc/c_34927
2694109,https://doi.org/10.7910/DVN/SVWMVO,2015-11-03, ASTI Eritrea database ,Arts and Humanities,East Africa,AGROVOC,http://aims.fao.org/aos/agrovoc/c_2442
2694109,https://doi.org/10.7910/DVN/SVWMVO,2015-11-03, ASTI Eritrea database ,Arts and Humanities,Africa South of Sahara,AGROVOC,http://aims.fao.org/aos/agrovoc/c_166
2694109,https://doi.org/10.7910/DVN/SVWMVO,2015-11-03, ASTI Eritrea database ,Arts and Humanities,Africa,AGROVOC,http://aims.fao.org/aos/agrovoc/c_165
2694109,https://doi.org/10.7910/DVN/SVWMVO,2015-11-03, ASTI Eritrea database ,Arts and Humanities,agricultural research,AGROVOC,http://aims.fao.org/aos/agrovoc/c_8679
2694109,https://doi.org/10.7910/DVN/SVWMVO,2015-11-03, ASTI Eritrea database ,Social Sciences,Eritrea,AGROVOC,http://aims.fao.org/aos/agrovoc/c_34927
2694109,https://doi.org/10.7910/DVN/SVWMVO,2015-11-03, ASTI Eritrea database ,Social Sciences,East Africa,AGROVOC,http://aims.fao.org/aos/agrovoc/c_2442
2694109,https://doi.org/10.7910/DVN/SVWMVO,2015-11-03, ASTI Eritrea database ,Social Sciences,Africa South of Sahara,AGROVOC,http://aims.fao.org/aos/agrovoc/c_166
2694109,https://doi.org/10.7910/DVN/SVWMVO,2015-11-03, ASTI Eritrea database ,Social Sciences,Africa,AGROVOC,http://aims.fao.org/aos/agrovoc/c_165
2694109,https://doi.org/10.7910/DVN/SVWMVO,2015-11-03, ASTI Eritrea database ,Social Sciences,agricultural research,AGROVOC,http://aims.fao.org/aos/agrovoc/c_8679
2694110,https://doi.org/10.7910/DVN/KVJZQA,2015-11-03, ASTI Ethiopia database,Arts and Humanities,ETHIOPIA,AGROVOC,http://aims.fao.org/aos/agrovoc/c_2676
2694110,https://doi.org/10.7910/DVN/KVJZQA,2015-11-03, ASTI Ethiopia database,Arts and Humanities,EAST AFRICA,AGROVOC,http://aims.fao.org/aos/agrovoc/c_2442
2694110,https://doi.org/10.7910/DVN/KVJZQA,2015-11-03, ASTI Ethiopia database,Arts and Humanities,AFRICA SOUTH OF SAHARA,AGROVOC,http://aims.fao.org/aos/agrovoc/c_166
2694110,https://doi.org/10.7910/DVN/KVJZQA,2015-11-03, ASTI Ethiopia database,Arts and Humanities,Africa,AGROVOC,http://aims.fao.org/aos/agrovoc/c_165
2694110,https://doi.org/10.7910/DVN/KVJZQA,2015-11-03, ASTI Ethiopia database,Arts and Humanities,agricultural research,AGROVOC,http://aims.fao.org/aos/agrovoc/c_8679
2694110,https://doi.org/10.7910/DVN/KVJZQA,2015-11-03, ASTI Ethiopia database,Social Sciences,ETHIOPIA,AGROVOC,http://aims.fao.org/aos/agrovoc/c_2676
2694110,https://doi.org/10.7910/DVN/KVJZQA,2015-11-03, ASTI Ethiopia database,Social Sciences,EAST AFRICA,AGROVOC,http://aims.fao.org/aos/agrovoc/c_2442
2694110,https://doi.org/10.7910/DVN/KVJZQA,2015-11-03, ASTI Ethiopia database,Social Sciences,AFRICA SOUTH OF SAHARA,AGROVOC,http://aims.fao.org/aos/agrovoc/c_166
2694110,https://doi.org/10.7910/DVN/KVJZQA,2015-11-03, ASTI Ethiopia database,Social Sciences,Africa,AGROVOC,http://aims.fao.org/aos/agrovoc/c_165
2694110,https://doi.org/10.7910/DVN/KVJZQA,2015-11-03, ASTI Ethiopia database,Social Sciences,agricultural research,AGROVOC,http://aims.fao.org/aos/agrovoc/c_8679
2694111,https://doi.org/10.7910/DVN/TYDQCQ,2015-11-03, ASTI Central African Republic database,Arts and Humanities,Central African Republic,AGROVOC,http://aims.fao.org/aos/agrovoc/c_1433
2694111,https://doi.org/10.7910/DVN/TYDQCQ,2015-11-03, ASTI Central African Republic database,Arts and Humanities,Central Africa,AGROVOC,http://aims.fao.org/aos/agrovoc/c_1432
2694111,https://doi.org/10.7910/DVN/TYDQCQ,2015-11-03, ASTI Central African Republic database,Arts and Humanities,Africa South of Sahara,AGROVOC,http://aims.fao.org/aos/agrovoc/c_166
2694111,https://doi.org/10.7910/DVN/TYDQCQ,2015-11-03, ASTI Central African Republic database,Arts and Humanities,Africa,AGROVOC,http://aims.fao.org/aos/agrovoc/c_165
2694111,https://doi.org/10.7910/DVN/TYDQCQ,2015-11-03, ASTI Central African Republic database,Arts and Humanities,agricultural research,AGROVOC,http://aims.fao.org/aos/agrovoc/c_8679
2694111,https://doi.org/10.7910/DVN/TYDQCQ,2015-11-03, ASTI Central African Republic database,Social Sciences,Central African Republic,AGROVOC,http://aims.fao.org/aos/agrovoc/c_1433
2694111,https://doi.org/10.7910/DVN/TYDQCQ,2015-11-03, ASTI Central African Republic database,Social Sciences,Central Africa,AGROVOC,http://aims.fao.org/aos/agrovoc/c_1432
2694111,https://doi.org/10.7910/DVN/TYDQCQ,2015-11-03, ASTI Central African Republic database,Social Sciences,Africa South of Sahara,AGROVOC,http://aims.fao.org/aos/agrovoc/c_166
2694111,https://doi.org/10.7910/DVN/TYDQCQ,2015-11-03, ASTI Central African Republic database,Social Sciences,Africa,AGROVOC,http://aims.fao.org/aos/agrovoc/c_165
2694111,https://doi.org/10.7910/DVN/TYDQCQ,2015-11-03, ASTI Central African Republic database,Social Sciences,agricultural research,AGROVOC,http://aims.fao.org/aos/agrovoc/c_8679
2694112,https://doi.org/10.7910/DVN/2JUJGR,2015-11-03, ASTI Chad database,Arts and Humanities,Chad,AGROVOC,http://aims.fao.org/skosmos/agrovoc/en/page/?uri=http%3A%2F%2Faims.fao.org%2Faos%2Fagrovoc%2Fc_1487
2694112,https://doi.org/10.7910/DVN/2JUJGR,2015-11-03, ASTI Chad database,Arts and Humanities,Central Africa,,
2694112,https://doi.org/10.7910/DVN/2JUJGR,2015-11-03, ASTI Chad database,Arts and Humanities,Africa South of Sahara,,
2694112,https://doi.org/10.7910/DVN/2JUJGR,2015-11-03, ASTI Chad database,Arts and Humanities,Africa,,
2694112,https://doi.org/10.7910/DVN/2JUJGR,2015-11-03, ASTI Chad database,Social Sciences,Chad,AGROVOC,http://aims.fao.org/skosmos/agrovoc/en/page/?uri=http%3A%2F%2Faims.fao.org%2Faos%2Fagrovoc%2Fc_1487
2694112,https://doi.org/10.7910/DVN/2JUJGR,2015-11-03, ASTI Chad database,Social Sciences,Central Africa,,
2694112,https://doi.org/10.7910/DVN/2JUJGR,2015-11-03, ASTI Chad database,Social Sciences,Africa South of Sahara,,
2694112,https://doi.org/10.7910/DVN/2JUJGR,2015-11-03, ASTI Chad database,Social Sciences,Africa,,
2694113,https://doi.org/10.7910/DVN/YRAXWN,2015-11-03," ASTI Congo, Democratic Republic database",Arts and Humanities,Democratic Republic of the Congo,AGROVOC,http://aims.fao.org/aos/agrovoc/c_8500
2694113,https://doi.org/10.7910/DVN/YRAXWN,2015-11-03," ASTI Congo, Democratic Republic database",Arts and Humanities,Central Africa,AGROVOC,http://aims.fao.org/aos/agrovoc/c_1432
2694113,https://doi.org/10.7910/DVN/YRAXWN,2015-11-03," ASTI Congo, Democratic Republic database",Arts and Humanities,Africa South of Sahara,AGROVOC,http://aims.fao.org/aos/agrovoc/c_166
2694113,https://doi.org/10.7910/DVN/YRAXWN,2015-11-03," ASTI Congo, Democratic Republic database",Arts and Humanities,Africa,AGROVOC,http://aims.fao.org/aos/agrovoc/c_165
2694113,https://doi.org/10.7910/DVN/YRAXWN,2015-11-03," ASTI Congo, Democratic Republic database",Arts and Humanities,agricultural research,AGROVOC,http://aims.fao.org/aos/agrovoc/c_8679
2694113,https://doi.org/10.7910/DVN/YRAXWN,2015-11-03," ASTI Congo, Democratic Republic database",Social Sciences,Democratic Republic of the Congo,AGROVOC,http://aims.fao.org/aos/agrovoc/c_8500
2694113,https://doi.org/10.7910/DVN/YRAXWN,2015-11-03," ASTI Congo, Democratic Republic database",Social Sciences,Central Africa,AGROVOC,http://aims.fao.org/aos/agrovoc/c_1432
2694113,https://doi.org/10.7910/DVN/YRAXWN,2015-11-03," ASTI Congo, Democratic Republic database",Social Sciences,Africa South of Sahara,AGROVOC,http://aims.fao.org/aos/agrovoc/c_166
2694113,https://doi.org/10.7910/DVN/YRAXWN,2015-11-03," ASTI Congo, Democratic Republic database",Social Sciences,Africa,AGROVOC,http://aims.fao.org/aos/agrovoc/c_165
2694113,https://doi.org/10.7910/DVN/YRAXWN,2015-11-03," ASTI Congo, Democratic Republic database",Social Sciences,agricultural research,AGROVOC,http://aims.fao.org/aos/agrovoc/c_8679
2694114,https://doi.org/10.7910/DVN/K9CDUR,2015-11-03,"ASTI Congo, Republic database ",Arts and Humanities,Congo,AGROVOC,http://aims.fao.org/aos/agrovoc/c_1811
2694114,https://doi.org/10.7910/DVN/K9CDUR,2015-11-03,"ASTI Congo, Republic database ",Arts and Humanities,Central Africa,AGROVOC,http://aims.fao.org/aos/agrovoc/c_1432
2694114,https://doi.org/10.7910/DVN/K9CDUR,2015-11-03,"ASTI Congo, Republic database ",Arts and Humanities,Africa South of Sahara,AGROVOC,http://aims.fao.org/aos/agrovoc/c_166
2694114,https://doi.org/10.7910/DVN/K9CDUR,2015-11-03,"ASTI Congo, Republic database ",Arts and Humanities,Africa,AGROVOC,http://aims.fao.org/aos/agrovoc/c_165
2694114,https://doi.org/10.7910/DVN/K9CDUR,2015-11-03,"ASTI Congo, Republic database ",Arts and Humanities,agricultural research,AGROVOC,http://aims.fao.org/aos/agrovoc/c_8679
2694114,https://doi.org/10.7910/DVN/K9CDUR,2015-11-03,"ASTI Congo, Republic database ",Social Sciences,Congo,AGROVOC,http://aims.fao.org/aos/agrovoc/c_1811
2694114,https://doi.org/10.7910/DVN/K9CDUR,2015-11-03,"ASTI Congo, Republic database ",Social Sciences,Central Africa,AGROVOC,http://aims.fao.org/aos/agrovoc/c_1432
2694114,https://doi.org/10.7910/DVN/K9CDUR,2015-11-03,"ASTI Congo, Republic database ",Social Sciences,Africa South of Sahara,AGROVOC,http://aims.fao.org/aos/agrovoc/c_166
2694114,https://doi.org/10.7910/DVN/K9CDUR,2015-11-03,"ASTI Congo, Republic database ",Social Sciences,Africa,AGROVOC,http://aims.fao.org/aos/agrovoc/c_165
2694114,https://doi.org/10.7910/DVN/K9CDUR,2015-11-03,"ASTI Congo, Republic database ",Social Sciences,agricultural research,AGROVOC,http://aims.fao.org/aos/agrovoc/c_8679
2694115,https://doi.org/10.7910/DVN/XUFDPW,2015-11-03, ASTI Benin database,Arts and Humanities,Benin,AGROVOC,http://aims.fao.org/aos/agrovoc/c_875
2694115,https://doi.org/10.7910/DVN/XUFDPW,2015-11-03, ASTI Benin database,Arts and Humanities,West Africa,AGROVOC,http://aims.fao.org/aos/agrovoc/c_8355
2694115,https://doi.org/10.7910/DVN/XUFDPW,2015-11-03, ASTI Benin database,Arts and Humanities,Africa South of Sahara,AGROVOC,http://aims.fao.org/aos/agrovoc/c_166
2694115,https://doi.org/10.7910/DVN/XUFDPW,2015-11-03, ASTI Benin database,Arts and Humanities,Africa,AGROVOC,http://aims.fao.org/aos/agrovoc/c_165
2694115,https://doi.org/10.7910/DVN/XUFDPW,2015-11-03, ASTI Benin database,Arts and Humanities,agricultural research,AGROVOC,http://aims.fao.org/aos/agrovoc/c_8679
2694115,https://doi.org/10.7910/DVN/XUFDPW,2015-11-03, ASTI Benin database,Social Sciences,Benin,AGROVOC,http://aims.fao.org/aos/agrovoc/c_875
2694115,https://doi.org/10.7910/DVN/XUFDPW,2015-11-03, ASTI Benin database,Social Sciences,West Africa,AGROVOC,http://aims.fao.org/aos/agrovoc/c_8355
2694115,https://doi.org/10.7910/DVN/XUFDPW,2015-11-03, ASTI Benin database,Social Sciences,Africa South of Sahara,AGROVOC,http://aims.fao.org/aos/agrovoc/c_166
2694115,https://doi.org/10.7910/DVN/XUFDPW,2015-11-03, ASTI Benin database,Social Sciences,Africa,AGROVOC,http://aims.fao.org/aos/agrovoc/c_165
2694115,https://doi.org/10.7910/DVN/XUFDPW,2015-11-03, ASTI Benin database,Social Sciences,agricultural research,AGROVOC,http://aims.fao.org/aos/agrovoc/c_8679
2694116,https://doi.org/10.7910/DVN/CDJMFY,2015-11-03,ASTI Botswana database,Arts and Humanities,Botswana,AGROVOC,http://aims.fao.org/aos/agrovoc/c_1030
2694116,https://doi.org/10.7910/DVN/CDJMFY,2015-11-03,ASTI Botswana database,Arts and Humanities,Southern Africa,AGROVOC,http://aims.fao.org/aos/agrovoc/c_7265
2694116,https://doi.org/10.7910/DVN/CDJMFY,2015-11-03,ASTI Botswana database,Arts and Humanities,Africa South of Sahara,AGROVOC,http://aims.fao.org/aos/agrovoc/c_166
2694116,https://doi.org/10.7910/DVN/CDJMFY,2015-11-03,ASTI Botswana database,Arts and Humanities,Africa,AGROVOC,http://aims.fao.org/aos/agrovoc/c_165
2694116,https://doi.org/10.7910/DVN/CDJMFY,2015-11-03,ASTI Botswana database,Arts and Humanities,agricultural research,AGROVOC,http://aims.fao.org/aos/agrovoc/c_8679
2694116,https://doi.org/10.7910/DVN/CDJMFY,2015-11-03,ASTI Botswana database,Social Sciences,Botswana,AGROVOC,http://aims.fao.org/aos/agrovoc/c_1030
2694116,https://doi.org/10.7910/DVN/CDJMFY,2015-11-03,ASTI Botswana database,Social Sciences,Southern Africa,AGROVOC,http://aims.fao.org/aos/agrovoc/c_7265
2694116,https://doi.org/10.7910/DVN/CDJMFY,2015-11-03,ASTI Botswana database,Social Sciences,Africa South of Sahara,AGROVOC,http://aims.fao.org/aos/agrovoc/c_166
2694116,https://doi.org/10.7910/DVN/CDJMFY,2015-11-03,ASTI Botswana database,Social Sciences,Africa,AGROVOC,http://aims.fao.org/aos/agrovoc/c_165
2694116,https://doi.org/10.7910/DVN/CDJMFY,2015-11-03,ASTI Botswana database,Social Sciences,agricultural research,AGROVOC,http://aims.fao.org/aos/agrovoc/c_8679
2694117,https://doi.org/10.7910/DVN/BGZ6ID,2015-11-03, ASTI Burundi database,Arts and Humanities,Burundi,AGROVOC,http://aims.fao.org/aos/agrovoc/c_1159
2694117,https://doi.org/10.7910/DVN/BGZ6ID,2015-11-03, ASTI Burundi database,Arts and Humanities,Central Africa,AGROVOC,http://aims.fao.org/aos/agrovoc/c_1432
2694117,https://doi.org/10.7910/DVN/BGZ6ID,2015-11-03, ASTI Burundi database,Arts and Humanities,Africa South of Sahara,AGROVOC,http://aims.fao.org/aos/agrovoc/c_166
2694117,https://doi.org/10.7910/DVN/BGZ6ID,2015-11-03, ASTI Burundi database,Arts and Humanities,Africa,AGROVOC,http://aims.fao.org/aos/agrovoc/c_165
2694117,https://doi.org/10.7910/DVN/BGZ6ID,2015-11-03, ASTI Burundi database,Arts and Humanities,agricultural research,AGROVOC,http://aims.fao.org/aos/agrovoc/c_8679
2694117,https://doi.org/10.7910/DVN/BGZ6ID,2015-11-03, ASTI Burundi database,Social Sciences,Burundi,AGROVOC,http://aims.fao.org/aos/agrovoc/c_1159
2694117,https://doi.org/10.7910/DVN/BGZ6ID,2015-11-03, ASTI Burundi database,Social Sciences,Central Africa,AGROVOC,http://aims.fao.org/aos/agrovoc/c_1432
2694117,https://doi.org/10.7910/DVN/BGZ6ID,2015-11-03, ASTI Burundi database,Social Sciences,Africa South of Sahara,AGROVOC,http://aims.fao.org/aos/agrovoc/c_166
2694117,https://doi.org/10.7910/DVN/BGZ6ID,2015-11-03, ASTI Burundi database,Social Sciences,Africa,AGROVOC,http://aims.fao.org/aos/agrovoc/c_165
2694117,https://doi.org/10.7910/DVN/BGZ6ID,2015-11-03, ASTI Burundi database,Social Sciences,agricultural research,AGROVOC,http://aims.fao.org/aos/agrovoc/c_8679
2694118,https://doi.org/10.7910/DVN/F0MLE3,2015-11-03,ASTI Cape Verde database,Arts and Humanities,Cabo Verde,AGROVOC,http://aims.fao.org/aos/agrovoc/c_1267
2694118,https://doi.org/10.7910/DVN/F0MLE3,2015-11-03,ASTI Cape Verde database,Arts and Humanities,West Africa,AGROVOC,http://aims.fao.org/aos/agrovoc/c_8355
2694118,https://doi.org/10.7910/DVN/F0MLE3,2015-11-03,ASTI Cape Verde database,Arts and Humanities,Africa South of Sahara,AGROVOC,http://aims.fao.org/aos/agrovoc/c_166
2694118,https://doi.org/10.7910/DVN/F0MLE3,2015-11-03,ASTI Cape Verde database,Arts and Humanities,Africa,AGROVOC,http://aims.fao.org/aos/agrovoc/c_165
2694118,https://doi.org/10.7910/DVN/F0MLE3,2015-11-03,ASTI Cape Verde database,Arts and Humanities,agricultural research,AGROVOC,http://aims.fao.org/aos/agrovoc/c_8679
2694118,https://doi.org/10.7910/DVN/F0MLE3,2015-11-03,ASTI Cape Verde database,Social Sciences,Cabo Verde,AGROVOC,http://aims.fao.org/aos/agrovoc/c_1267
2694118,https://doi.org/10.7910/DVN/F0MLE3,2015-11-03,ASTI Cape Verde database,Social Sciences,West Africa,AGROVOC,http://aims.fao.org/aos/agrovoc/c_8355
2694118,https://doi.org/10.7910/DVN/F0MLE3,2015-11-03,ASTI Cape Verde database,Social Sciences,Africa South of Sahara,AGROVOC,http://aims.fao.org/aos/agrovoc/c_166
2694118,https://doi.org/10.7910/DVN/F0MLE3,2015-11-03,ASTI Cape Verde database,Social Sciences,Africa,AGROVOC,http://aims.fao.org/aos/agrovoc/c_165
2694118,https://doi.org/10.7910/DVN/F0MLE3,2015-11-03,ASTI Cape Verde database,Social Sciences,agricultural research,AGROVOC,http://aims.fao.org/aos/agrovoc/c_8679
2694121,https://doi.org/10.7910/DVN/5L2GLP,2015-11-03, ASTI Algeria database,Arts and Humanities,Algeria,AGROVOC,http://aims.fao.org/aos/agrovoc/c_259
2694121,https://doi.org/10.7910/DVN/5L2GLP,2015-11-03, ASTI Algeria database,Arts and Humanities,North Africa,AGROVOC,http://aims.fao.org/aos/agrovoc/c_5218
2694121,https://doi.org/10.7910/DVN/5L2GLP,2015-11-03, ASTI Algeria database,Arts and Humanities,Africa,AGROVOC,http://aims.fao.org/aos/agrovoc/c_165
2694121,https://doi.org/10.7910/DVN/5L2GLP,2015-11-03, ASTI Algeria database,Arts and Humanities,agricultural research,AGROVOC,http://aims.fao.org/aos/agrovoc/c_8679
2694121,https://doi.org/10.7910/DVN/5L2GLP,2015-11-03, ASTI Algeria database,Social Sciences,Algeria,AGROVOC,http://aims.fao.org/aos/agrovoc/c_259
2694121,https://doi.org/10.7910/DVN/5L2GLP,2015-11-03, ASTI Algeria database,Social Sciences,North Africa,AGROVOC,http://aims.fao.org/aos/agrovoc/c_5218
2694121,https://doi.org/10.7910/DVN/5L2GLP,2015-11-03, ASTI Algeria database,Social Sciences,Africa,AGROVOC,http://aims.fao.org/aos/agrovoc/c_165
2694121,https://doi.org/10.7910/DVN/5L2GLP,2015-11-03, ASTI Algeria database,Social Sciences,agricultural research,AGROVOC,http://aims.fao.org/aos/agrovoc/c_8679
2694122,https://doi.org/10.7910/DVN/1YCDCB,2015-11-03, ASTI Guinea-Bissau database,Arts and Humanities,Guinea-Bissau,AGROVOC,http://aims.fao.org/aos/agrovoc/c_3427
2694122,https://doi.org/10.7910/DVN/1YCDCB,2015-11-03, ASTI Guinea-Bissau database,Arts and Humanities,West Africa,AGROVOC,http://aims.fao.org/aos/agrovoc/c_8355
2694122,https://doi.org/10.7910/DVN/1YCDCB,2015-11-03, ASTI Guinea-Bissau database,Arts and Humanities,Africa South of Sahara,AGROVOC,http://aims.fao.org/aos/agrovoc/c_166
2694122,https://doi.org/10.7910/DVN/1YCDCB,2015-11-03, ASTI Guinea-Bissau database,Arts and Humanities,Africa,AGROVOC,http://aims.fao.org/aos/agrovoc/c_165
2694122,https://doi.org/10.7910/DVN/1YCDCB,2015-11-03, ASTI Guinea-Bissau database,Arts and Humanities,agricultural research,AGROVOC,http://aims.fao.org/aos/agrovoc/c_8679
2694122,https://doi.org/10.7910/DVN/1YCDCB,2015-11-03, ASTI Guinea-Bissau database,Social Sciences,Guinea-Bissau,AGROVOC,http://aims.fao.org/aos/agrovoc/c_3427
2694122,https://doi.org/10.7910/DVN/1YCDCB,2015-11-03, ASTI Guinea-Bissau database,Social Sciences,West Africa,AGROVOC,http://aims.fao.org/aos/agrovoc/c_8355
2694122,https://doi.org/10.7910/DVN/1YCDCB,2015-11-03, ASTI Guinea-Bissau database,Social Sciences,Africa South of Sahara,AGROVOC,http://aims.fao.org/aos/agrovoc/c_166
2694122,https://doi.org/10.7910/DVN/1YCDCB,2015-11-03, ASTI Guinea-Bissau database,Social Sciences,Africa,AGROVOC,http://aims.fao.org/aos/agrovoc/c_165
2694122,https://doi.org/10.7910/DVN/1YCDCB,2015-11-03, ASTI Guinea-Bissau database,Social Sciences,agricultural research,AGROVOC,http://aims.fao.org/aos/agrovoc/c_8679
2694123,https://doi.org/10.7910/DVN/WANYPX,2015-11-03, ASTI Jordan database,Arts and Humanities,Jordan,AGROVOC,http://aims.fao.org/aos/agrovoc/c_4053
2694123,https://doi.org/10.7910/DVN/WANYPX,2015-11-03, ASTI Jordan database,Arts and Humanities,Western Asia,AGROVOC,http://aims.fao.org/aos/agrovoc/c_29174
2694123,https://doi.org/10.7910/DVN/WANYPX,2015-11-03, ASTI Jordan database,Arts and Humanities,Asia,AGROVOC,http://aims.fao.org/aos/agrovoc/c_666
2694123,https://doi.org/10.7910/DVN/WANYPX,2015-11-03, ASTI Jordan database,Arts and Humanities,agricultural research,AGROVOC,http://aims.fao.org/aos/agrovoc/c_8679
2694123,https://doi.org/10.7910/DVN/WANYPX,2015-11-03, ASTI Jordan database,Social Sciences,Jordan,AGROVOC,http://aims.fao.org/aos/agrovoc/c_4053
2694123,https://doi.org/10.7910/DVN/WANYPX,2015-11-03, ASTI Jordan database,Social Sciences,Western Asia,AGROVOC,http://aims.fao.org/aos/agrovoc/c_29174
2694123,https://doi.org/10.7910/DVN/WANYPX,2015-11-03, ASTI Jordan database,Social Sciences,Asia,AGROVOC,http://aims.fao.org/aos/agrovoc/c_666
2694123,https://doi.org/10.7910/DVN/WANYPX,2015-11-03, ASTI Jordan database,Social Sciences,agricultural research,AGROVOC,http://aims.fao.org/aos/agrovoc/c_8679
2694250,https://doi.org/10.7910/DVN/ZVCEPB,2015-11-03,ASTI Kenya database,Agricultural Sciences,agricultural research,AGROVOC,http://aims.fao.org/aos/agrovoc/c_8679
2694250,https://doi.org/10.7910/DVN/ZVCEPB,2015-11-03,ASTI Kenya database,Agricultural Sciences,KENYA,AGROVOC,http://aims.fao.org/aos/agrovoc/c_4086
2694250,https://doi.org/10.7910/DVN/ZVCEPB,2015-11-03,ASTI Kenya database,Agricultural Sciences,EAST AFRICA,AGROVOC,http://aims.fao.org/aos/agrovoc/c_2442
2694250,https://doi.org/10.7910/DVN/ZVCEPB,2015-11-03,ASTI Kenya database,Agricultural Sciences,AFRICA SOUTH OF SAHARA,AGROVOC,http://aims.fao.org/aos/agrovoc/c_166
2694250,https://doi.org/10.7910/DVN/ZVCEPB,2015-11-03,ASTI Kenya database,Agricultural Sciences,AFRICA,AGROVOC,http://aims.fao.org/aos/agrovoc/c_165
2694250,https://doi.org/10.7910/DVN/ZVCEPB,2015-11-03,ASTI Kenya database,Social Sciences,agricultural research,AGROVOC,http://aims.fao.org/aos/agrovoc/c_8679
2694250,https://doi.org/10.7910/DVN/ZVCEPB,2015-11-03,ASTI Kenya database,Social Sciences,KENYA,AGROVOC,http://aims.fao.org/aos/agrovoc/c_4086
2694250,https://doi.org/10.7910/DVN/ZVCEPB,2015-11-03,ASTI Kenya database,Social Sciences,EAST AFRICA,AGROVOC,http://aims.fao.org/aos/agrovoc/c_2442
2694250,https://doi.org/10.7910/DVN/ZVCEPB,2015-11-03,ASTI Kenya database,Social Sciences,AFRICA SOUTH OF SAHARA,AGROVOC,http://aims.fao.org/aos/agrovoc/c_166
2694250,https://doi.org/10.7910/DVN/ZVCEPB,2015-11-03,ASTI Kenya database,Social Sciences,AFRICA,AGROVOC,http://aims.fao.org/aos/agrovoc/c_165
2694251,https://doi.org/10.7910/DVN/XWCXKL,2015-11-03,ASTI Lebanon database,Arts and Humanities,Lebanon,AGROVOC,http://aims.fao.org/aos/agrovoc/c_4244
2694251,https://doi.org/10.7910/DVN/XWCXKL,2015-11-03,ASTI Lebanon database,Arts and Humanities,Western Asia,AGROVOC,http://aims.fao.org/aos/agrovoc/c_29174
2694251,https://doi.org/10.7910/DVN/XWCXKL,2015-11-03,ASTI Lebanon database,Arts and Humanities,Asia,AGROVOC,http://aims.fao.org/aos/agrovoc/c_666
2694251,https://doi.org/10.7910/DVN/XWCXKL,2015-11-03,ASTI Lebanon database,Arts and Humanities,agricultural research,AGROVOC,http://aims.fao.org/aos/agrovoc/c_8679
2694251,https://doi.org/10.7910/DVN/XWCXKL,2015-11-03,ASTI Lebanon database,Social Sciences,Lebanon,AGROVOC,http://aims.fao.org/aos/agrovoc/c_4244
2694251,https://doi.org/10.7910/DVN/XWCXKL,2015-11-03,ASTI Lebanon database,Social Sciences,Western Asia,AGROVOC,http://aims.fao.org/aos/agrovoc/c_29174
2694251,https://doi.org/10.7910/DVN/XWCXKL,2015-11-03,ASTI Lebanon database,Social Sciences,Asia,AGROVOC,http://aims.fao.org/aos/agrovoc/c_666
2694251,https://doi.org/10.7910/DVN/XWCXKL,2015-11-03,ASTI Lebanon database,Social Sciences,agricultural research,AGROVOC,http://aims.fao.org/aos/agrovoc/c_8679
2694252,https://doi.org/10.7910/DVN/3WPEM8,2015-11-03,ASTI Lesotho database,Arts and Humanities,Lesotho,AGROVOC,http://aims.fao.org/aos/agrovoc/c_4284
2694252,https://doi.org/10.7910/DVN/3WPEM8,2015-11-03,ASTI Lesotho database,Arts and Humanities,Southern Africa,AGROVOC,http://aims.fao.org/aos/agrovoc/c_7265
2694252,https://doi.org/10.7910/DVN/3WPEM8,2015-11-03,ASTI Lesotho database,Arts and Humanities,Africa South of Sahara,AGROVOC,http://aims.fao.org/aos/agrovoc/c_166
2694252,https://doi.org/10.7910/DVN/3WPEM8,2015-11-03,ASTI Lesotho database,Arts and Humanities,Africa,AGROVOC,http://aims.fao.org/aos/agrovoc/c_165
2694252,https://doi.org/10.7910/DVN/3WPEM8,2015-11-03,ASTI Lesotho database,Arts and Humanities,agricultural research,AGROVOC,http://aims.fao.org/aos/agrovoc/c_8679
2694252,https://doi.org/10.7910/DVN/3WPEM8,2015-11-03,ASTI Lesotho database,Social Sciences,Lesotho,AGROVOC,http://aims.fao.org/aos/agrovoc/c_4284
2694252,https://doi.org/10.7910/DVN/3WPEM8,2015-11-03,ASTI Lesotho database,Social Sciences,Southern Africa,AGROVOC,http://aims.fao.org/aos/agrovoc/c_7265
2694252,https://doi.org/10.7910/DVN/3WPEM8,2015-11-03,ASTI Lesotho database,Social Sciences,Africa South of Sahara,AGROVOC,http://aims.fao.org/aos/agrovoc/c_166
2694252,https://doi.org/10.7910/DVN/3WPEM8,2015-11-03,ASTI Lesotho database,Social Sciences,Africa,AGROVOC,http://aims.fao.org/aos/agrovoc/c_165
2694252,https://doi.org/10.7910/DVN/3WPEM8,2015-11-03,ASTI Lesotho database,Social Sciences,agricultural research,AGROVOC,http://aims.fao.org/aos/agrovoc/c_8679
2694253,https://doi.org/10.7910/DVN/EAU3TZ,2015-11-03,ASTI Liberia database,Arts and Humanities,Liberia,AGROVOC,http://aims.fao.org/aos/agrovoc/c_4307
2694253,https://doi.org/10.7910/DVN/EAU3TZ,2015-11-03,ASTI Liberia database,Arts and Humanities,West Africa,AGROVOC,http://aims.fao.org/aos/agrovoc/c_8355
2694253,https://doi.org/10.7910/DVN/EAU3TZ,2015-11-03,ASTI Liberia database,Arts and Humanities,Africa South of Sahara,AGROVOC,http://aims.fao.org/aos/agrovoc/c_166
2694253,https://doi.org/10.7910/DVN/EAU3TZ,2015-11-03,ASTI Liberia database,Arts and Humanities,Africa,AGROVOC,http://aims.fao.org/aos/agrovoc/c_165
2694253,https://doi.org/10.7910/DVN/EAU3TZ,2015-11-03,ASTI Liberia database,Arts and Humanities,agricultural research,AGROVOC,http://aims.fao.org/aos/agrovoc/c_8679
2694253,https://doi.org/10.7910/DVN/EAU3TZ,2015-11-03,ASTI Liberia database,Social Sciences,Liberia,AGROVOC,http://aims.fao.org/aos/agrovoc/c_4307
2694253,https://doi.org/10.7910/DVN/EAU3TZ,2015-11-03,ASTI Liberia database,Social Sciences,West Africa,AGROVOC,http://aims.fao.org/aos/agrovoc/c_8355
2694253,https://doi.org/10.7910/DVN/EAU3TZ,2015-11-03,ASTI Liberia database,Social Sciences,Africa South of Sahara,AGROVOC,http://aims.fao.org/aos/agrovoc/c_166
2694253,https://doi.org/10.7910/DVN/EAU3TZ,2015-11-03,ASTI Liberia database,Social Sciences,Africa,AGROVOC,http://aims.fao.org/aos/agrovoc/c_165
2694253,https://doi.org/10.7910/DVN/EAU3TZ,2015-11-03,ASTI Liberia database,Social Sciences,agricultural research,AGROVOC,http://aims.fao.org/aos/agrovoc/c_8679
2694259,https://doi.org/10.7910/DVN/IBABMQ,2015-11-03,ASTI Madagascar database,Arts and Humanities,Madagascar,AGROVOC,http://aims.fao.org/aos/agrovoc/c_4510
2694259,https://doi.org/10.7910/DVN/IBABMQ,2015-11-03,ASTI Madagascar database,Arts and Humanities,East Africa,AGROVOC,http://aims.fao.org/aos/agrovoc/c_2442
2694259,https://doi.org/10.7910/DVN/IBABMQ,2015-11-03,ASTI Madagascar database,Arts and Humanities,Africa South of Sahara,AGROVOC,http://aims.fao.org/aos/agrovoc/c_166
2694259,https://doi.org/10.7910/DVN/IBABMQ,2015-11-03,ASTI Madagascar database,Arts and Humanities,Africa,AGROVOC,http://aims.fao.org/aos/agrovoc/c_165
2694259,https://doi.org/10.7910/DVN/IBABMQ,2015-11-03,ASTI Madagascar database,Arts and Humanities,agricultural research,AGROVOC,http://aims.fao.org/aos/agrovoc/c_8679
2694259,https://doi.org/10.7910/DVN/IBABMQ,2015-11-03,ASTI Madagascar database,Social Sciences,Madagascar,AGROVOC,http://aims.fao.org/aos/agrovoc/c_4510
2694259,https://doi.org/10.7910/DVN/IBABMQ,2015-11-03,ASTI Madagascar database,Social Sciences,East Africa,AGROVOC,http://aims.fao.org/aos/agrovoc/c_2442
2694259,https://doi.org/10.7910/DVN/IBABMQ,2015-11-03,ASTI Madagascar database,Social Sciences,Africa South of Sahara,AGROVOC,http://aims.fao.org/aos/agrovoc/c_166
2694259,https://doi.org/10.7910/DVN/IBABMQ,2015-11-03,ASTI Madagascar database,Social Sciences,Africa,AGROVOC,http://aims.fao.org/aos/agrovoc/c_165
2694259,https://doi.org/10.7910/DVN/IBABMQ,2015-11-03,ASTI Madagascar database,Social Sciences,agricultural research,AGROVOC,http://aims.fao.org/aos/agrovoc/c_8679
2694352,https://doi.org/10.7910/DVN/A0EAD7,2015-11-03,ASTI Malawi database ,Arts and Humanities,Malawi,AGROVOC,http://aims.fao.org/aos/agrovoc/c_4532
2694352,https://doi.org/10.7910/DVN/A0EAD7,2015-11-03,ASTI Malawi database ,Arts and Humanities,Southern Africa,AGROVOC,http://aims.fao.org/aos/agrovoc/c_7265
2694352,https://doi.org/10.7910/DVN/A0EAD7,2015-11-03,ASTI Malawi database ,Arts and Humanities,Africa South of Sahara,AGROVOC,http://aims.fao.org/aos/agrovoc/c_166
2694352,https://doi.org/10.7910/DVN/A0EAD7,2015-11-03,ASTI Malawi database ,Arts and Humanities,Africa,AGROVOC,http://aims.fao.org/aos/agrovoc/c_165
2694352,https://doi.org/10.7910/DVN/A0EAD7,2015-11-03,ASTI Malawi database ,Arts and Humanities,agricultural research,AGROVOC,http://aims.fao.org/aos/agrovoc/c_8679
2694352,https://doi.org/10.7910/DVN/A0EAD7,2015-11-03,ASTI Malawi database ,Social Sciences,Malawi,AGROVOC,http://aims.fao.org/aos/agrovoc/c_4532
2694352,https://doi.org/10.7910/DVN/A0EAD7,2015-11-03,ASTI Malawi database ,Social Sciences,Southern Africa,AGROVOC,http://aims.fao.org/aos/agrovoc/c_7265
2694352,https://doi.org/10.7910/DVN/A0EAD7,2015-11-03,ASTI Malawi database ,Social Sciences,Africa South of Sahara,AGROVOC,http://aims.fao.org/aos/agrovoc/c_166
2694352,https://doi.org/10.7910/DVN/A0EAD7,2015-11-03,ASTI Malawi database ,Social Sciences,Africa,AGROVOC,http://aims.fao.org/aos/agrovoc/c_165
2694352,https://doi.org/10.7910/DVN/A0EAD7,2015-11-03,ASTI Malawi database ,Social Sciences,agricultural research,AGROVOC,http://aims.fao.org/aos/agrovoc/c_8679
2694359,https://doi.org/10.7910/DVN/MDMHKN,2015-11-03,ASTI Mali database,Arts and Humanities,Mali,AGROVOC,http://aims.fao.org/aos/agrovoc/c_4540
2694359,https://doi.org/10.7910/DVN/MDMHKN,2015-11-03,ASTI Mali database,Arts and Humanities,West Africa,AGROVOC,http://aims.fao.org/aos/agrovoc/c_8355
2694359,https://doi.org/10.7910/DVN/MDMHKN,2015-11-03,ASTI Mali database,Arts and Humanities,Africa South of Sahara,AGROVOC,http://aims.fao.org/aos/agrovoc/c_166
2694359,https://doi.org/10.7910/DVN/MDMHKN,2015-11-03,ASTI Mali database,Arts and Humanities,Africa,AGROVOC,http://aims.fao.org/aos/agrovoc/c_165
2694359,https://doi.org/10.7910/DVN/MDMHKN,2015-11-03,ASTI Mali database,Arts and Humanities,agricultural research,AGROVOC,http://aims.fao.org/aos/agrovoc/c_8679
2694359,https://doi.org/10.7910/DVN/MDMHKN,2015-11-03,ASTI Mali database,Social Sciences,Mali,AGROVOC,http://aims.fao.org/aos/agrovoc/c_4540
2694359,https://doi.org/10.7910/DVN/MDMHKN,2015-11-03,ASTI Mali database,Social Sciences,West Africa,AGROVOC,http://aims.fao.org/aos/agrovoc/c_8355
2694359,https://doi.org/10.7910/DVN/MDMHKN,2015-11-03,ASTI Mali database,Social Sciences,Africa South of Sahara,AGROVOC,http://aims.fao.org/aos/agrovoc/c_166
2694359,https://doi.org/10.7910/DVN/MDMHKN,2015-11-03,ASTI Mali database,Social Sciences,Africa,AGROVOC,http://aims.fao.org/aos/agrovoc/c_165
2694359,https://doi.org/10.7910/DVN/MDMHKN,2015-11-03,ASTI Mali database,Social Sciences,agricultural research,AGROVOC,http://aims.fao.org/aos/agrovoc/c_8679
2694363,https://doi.org/10.7910/DVN/0LFGL1,2015-11-03,ASTI Gabon database,Arts and Humanities,Gabon,AGROVOC,http://aims.fao.org/aos/agrovoc/c_3161
2694363,https://doi.org/10.7910/DVN/0LFGL1,2015-11-03,ASTI Gabon database,Arts and Humanities,Central Africa,AGROVOC,http://aims.fao.org/aos/agrovoc/c_1432
2694363,https://doi.org/10.7910/DVN/0LFGL1,2015-11-03,ASTI Gabon database,Arts and Humanities,Africa South of Sahara,AGROVOC,http://aims.fao.org/aos/agrovoc/c_166
2694363,https://doi.org/10.7910/DVN/0LFGL1,2015-11-03,ASTI Gabon database,Arts and Humanities,Africa,AGROVOC,http://aims.fao.org/aos/agrovoc/c_165
2694363,https://doi.org/10.7910/DVN/0LFGL1,2015-11-03,ASTI Gabon database,Arts and Humanities,agricultural research,AGROVOC,http://aims.fao.org/aos/agrovoc/c_8679
2694363,https://doi.org/10.7910/DVN/0LFGL1,2015-11-03,ASTI Gabon database,Social Sciences,Gabon,AGROVOC,http://aims.fao.org/aos/agrovoc/c_3161
2694363,https://doi.org/10.7910/DVN/0LFGL1,2015-11-03,ASTI Gabon database,Social Sciences,Central Africa,AGROVOC,http://aims.fao.org/aos/agrovoc/c_1432
2694363,https://doi.org/10.7910/DVN/0LFGL1,2015-11-03,ASTI Gabon database,Social Sciences,Africa South of Sahara,AGROVOC,http://aims.fao.org/aos/agrovoc/c_166
2694363,https://doi.org/10.7910/DVN/0LFGL1,2015-11-03,ASTI Gabon database,Social Sciences,Africa,AGROVOC,http://aims.fao.org/aos/agrovoc/c_165
2694363,https://doi.org/10.7910/DVN/0LFGL1,2015-11-03,ASTI Gabon database,Social Sciences,agricultural research,AGROVOC,http://aims.fao.org/aos/agrovoc/c_8679
2694370,https://doi.org/10.7910/DVN/BTSVWT,2015-11-03,ASTI Ghana database,Arts and Humanities,Ghana,AGROVOC,http://aims.fao.org/aos/agrovoc/c_3253
2694370,https://doi.org/10.7910/DVN/BTSVWT,2015-11-03,ASTI Ghana database,Arts and Humanities,West Africa,AGROVOC,http://aims.fao.org/aos/agrovoc/c_8355
2694370,https://doi.org/10.7910/DVN/BTSVWT,2015-11-03,ASTI Ghana database,Arts and Humanities,Africa South of Sahara,AGROVOC,http://aims.fao.org/aos/agrovoc/c_166
2694370,https://doi.org/10.7910/DVN/BTSVWT,2015-11-03,ASTI Ghana database,Arts and Humanities,Africa,AGROVOC,http://aims.fao.org/aos/agrovoc/c_165
2694370,https://doi.org/10.7910/DVN/BTSVWT,2015-11-03,ASTI Ghana database,Arts and Humanities,agricultural research,AGROVOC,http://aims.fao.org/aos/agrovoc/c_8679
2694370,https://doi.org/10.7910/DVN/BTSVWT,2015-11-03,ASTI Ghana database,Social Sciences,Ghana,AGROVOC,http://aims.fao.org/aos/agrovoc/c_3253
2694370,https://doi.org/10.7910/DVN/BTSVWT,2015-11-03,ASTI Ghana database,Social Sciences,West Africa,AGROVOC,http://aims.fao.org/aos/agrovoc/c_8355
2694370,https://doi.org/10.7910/DVN/BTSVWT,2015-11-03,ASTI Ghana database,Social Sciences,Africa South of Sahara,AGROVOC,http://aims.fao.org/aos/agrovoc/c_166
2694370,https://doi.org/10.7910/DVN/BTSVWT,2015-11-03,ASTI Ghana database,Social Sciences,Africa,AGROVOC,http://aims.fao.org/aos/agrovoc/c_165
2694370,https://doi.org/10.7910/DVN/BTSVWT,2015-11-03,ASTI Ghana database,Social Sciences,agricultural research,AGROVOC,http://aims.fao.org/aos/agrovoc/c_8679
2694371,https://doi.org/10.7910/DVN/4XF0FB,2015-11-03,ASTI Mauritania database,Arts and Humanities,Mauritania,AGROVOC,http://aims.fao.org/aos/agrovoc/c_4660
2694371,https://doi.org/10.7910/DVN/4XF0FB,2015-11-03,ASTI Mauritania database,Arts and Humanities,West Africa,AGROVOC,http://aims.fao.org/aos/agrovoc/c_8355
2694371,https://doi.org/10.7910/DVN/4XF0FB,2015-11-03,ASTI Mauritania database,Arts and Humanities,Africa South of Sahara,AGROVOC,http://aims.fao.org/aos/agrovoc/c_166
2694371,https://doi.org/10.7910/DVN/4XF0FB,2015-11-03,ASTI Mauritania database,Arts and Humanities,Africa,AGROVOC,http://aims.fao.org/aos/agrovoc/c_165
2694371,https://doi.org/10.7910/DVN/4XF0FB,2015-11-03,ASTI Mauritania database,Arts and Humanities,agricultural research,AGROVOC,http://aims.fao.org/aos/agrovoc/c_8679
2694371,https://doi.org/10.7910/DVN/4XF0FB,2015-11-03,ASTI Mauritania database,Social Sciences,Mauritania,AGROVOC,http://aims.fao.org/aos/agrovoc/c_4660
2694371,https://doi.org/10.7910/DVN/4XF0FB,2015-11-03,ASTI Mauritania database,Social Sciences,West Africa,AGROVOC,http://aims.fao.org/aos/agrovoc/c_8355
2694371,https://doi.org/10.7910/DVN/4XF0FB,2015-11-03,ASTI Mauritania database,Social Sciences,Africa South of Sahara,AGROVOC,http://aims.fao.org/aos/agrovoc/c_166
2694371,https://doi.org/10.7910/DVN/4XF0FB,2015-11-03,ASTI Mauritania database,Social Sciences,Africa,AGROVOC,http://aims.fao.org/aos/agrovoc/c_165
2694371,https://doi.org/10.7910/DVN/4XF0FB,2015-11-03,ASTI Mauritania database,Social Sciences,agricultural research,AGROVOC,http://aims.fao.org/aos/agrovoc/c_8679
2694372,https://doi.org/10.7910/DVN/OOQVF5,2015-11-03,ASTI Mauritius database,Arts and Humanities,Mauritius,AGROVOC,http://aims.fao.org/aos/agrovoc/c_4662
2694372,https://doi.org/10.7910/DVN/OOQVF5,2015-11-03,ASTI Mauritius database,Arts and Humanities,East Africa,AGROVOC,http://aims.fao.org/aos/agrovoc/c_2442
2694372,https://doi.org/10.7910/DVN/OOQVF5,2015-11-03,ASTI Mauritius database,Arts and Humanities,Africa South of Sahara,AGROVOC,http://aims.fao.org/aos/agrovoc/c_166
2694372,https://doi.org/10.7910/DVN/OOQVF5,2015-11-03,ASTI Mauritius database,Arts and Humanities,Africa,AGROVOC,http://aims.fao.org/aos/agrovoc/c_165
2694372,https://doi.org/10.7910/DVN/OOQVF5,2015-11-03,ASTI Mauritius database,Arts and Humanities,agricultural research,AGROVOC,http://aims.fao.org/aos/agrovoc/c_8679
2694372,https://doi.org/10.7910/DVN/OOQVF5,2015-11-03,ASTI Mauritius database,Social Sciences,Mauritius,AGROVOC,http://aims.fao.org/aos/agrovoc/c_4662
2694372,https://doi.org/10.7910/DVN/OOQVF5,2015-11-03,ASTI Mauritius database,Social Sciences,East Africa,AGROVOC,http://aims.fao.org/aos/agrovoc/c_2442
2694372,https://doi.org/10.7910/DVN/OOQVF5,2015-11-03,ASTI Mauritius database,Social Sciences,Africa South of Sahara,AGROVOC,http://aims.fao.org/aos/agrovoc/c_166
2694372,https://doi.org/10.7910/DVN/OOQVF5,2015-11-03,ASTI Mauritius database,Social Sciences,Africa,AGROVOC,http://aims.fao.org/aos/agrovoc/c_165
2694372,https://doi.org/10.7910/DVN/OOQVF5,2015-11-03,ASTI Mauritius database,Social Sciences,agricultural research,AGROVOC,http://aims.fao.org/aos/agrovoc/c_8679
2694373,https://doi.org/10.7910/DVN/I2RGRB,2015-11-03, ASTI Morocco database ,Arts and Humanities,Morocco,AGROVOC,http://aims.fao.org/aos/agrovoc/c_4940
2694373,https://doi.org/10.7910/DVN/I2RGRB,2015-11-03, ASTI Morocco database ,Arts and Humanities,North Africa,AGROVOC,http://aims.fao.org/aos/agrovoc/c_5218
2694373,https://doi.org/10.7910/DVN/I2RGRB,2015-11-03, ASTI Morocco database ,Arts and Humanities,Africa,AGROVOC,http://aims.fao.org/aos/agrovoc/c_165
2694373,https://doi.org/10.7910/DVN/I2RGRB,2015-11-03, ASTI Morocco database ,Arts and Humanities,agricultural research,AGROVOC,http://aims.fao.org/aos/agrovoc/c_8679
2694373,https://doi.org/10.7910/DVN/I2RGRB,2015-11-03, ASTI Morocco database ,Social Sciences,Morocco,AGROVOC,http://aims.fao.org/aos/agrovoc/c_4940
2694373,https://doi.org/10.7910/DVN/I2RGRB,2015-11-03, ASTI Morocco database ,Social Sciences,North Africa,AGROVOC,http://aims.fao.org/aos/agrovoc/c_5218
2694373,https://doi.org/10.7910/DVN/I2RGRB,2015-11-03, ASTI Morocco database ,Social Sciences,Africa,AGROVOC,http://aims.fao.org/aos/agrovoc/c_165
2694373,https://doi.org/10.7910/DVN/I2RGRB,2015-11-03, ASTI Morocco database ,Social Sciences,agricultural research,AGROVOC,http://aims.fao.org/aos/agrovoc/c_8679
2694374,https://doi.org/10.7910/DVN/MT5MKY,2015-11-03,ASTI Mozambique database,Arts and Humanities,Mozambique,AGROVOC,http://aims.fao.org/aos/agrovoc/c_4964
2694374,https://doi.org/10.7910/DVN/MT5MKY,2015-11-03,ASTI Mozambique database,Arts and Humanities,Southern Africa,AGROVOC,http://aims.fao.org/aos/agrovoc/c_7265
2694374,https://doi.org/10.7910/DVN/MT5MKY,2015-11-03,ASTI Mozambique database,Arts and Humanities,Africa South of Sahara,AGROVOC,http://aims.fao.org/aos/agrovoc/c_166
2694374,https://doi.org/10.7910/DVN/MT5MKY,2015-11-03,ASTI Mozambique database,Arts and Humanities,Africa,AGROVOC,http://aims.fao.org/aos/agrovoc/c_165
2694374,https://doi.org/10.7910/DVN/MT5MKY,2015-11-03,ASTI Mozambique database,Arts and Humanities,agricultural research,AGROVOC,http://aims.fao.org/aos/agrovoc/c_8679
2694374,https://doi.org/10.7910/DVN/MT5MKY,2015-11-03,ASTI Mozambique database,Social Sciences,Mozambique,AGROVOC,http://aims.fao.org/aos/agrovoc/c_4964
2694374,https://doi.org/10.7910/DVN/MT5MKY,2015-11-03,ASTI Mozambique database,Social Sciences,Southern Africa,AGROVOC,http://aims.fao.org/aos/agrovoc/c_7265
2694374,https://doi.org/10.7910/DVN/MT5MKY,2015-11-03,ASTI Mozambique database,Social Sciences,Africa South of Sahara,AGROVOC,http://aims.fao.org/aos/agrovoc/c_166
2694374,https://doi.org/10.7910/DVN/MT5MKY,2015-11-03,ASTI Mozambique database,Social Sciences,Africa,AGROVOC,http://aims.fao.org/aos/agrovoc/c_165
2694374,https://doi.org/10.7910/DVN/MT5MKY,2015-11-03,ASTI Mozambique database,Social Sciences,agricultural research,AGROVOC,http://aims.fao.org/aos/agrovoc/c_8679
2694375,https://doi.org/10.7910/DVN/ZQKOBU,2015-11-03,ASTI Namibia database,Arts and Humanities,Namibia,AGROVOC,http://aims.fao.org/aos/agrovoc/c_5063
2694375,https://doi.org/10.7910/DVN/ZQKOBU,2015-11-03,ASTI Namibia database,Arts and Humanities,Southern Africa,AGROVOC,http://aims.fao.org/aos/agrovoc/c_7265
2694375,https://doi.org/10.7910/DVN/ZQKOBU,2015-11-03,ASTI Namibia database,Arts and Humanities,Africa South of Sahara,AGROVOC,http://aims.fao.org/aos/agrovoc/c_166
2694375,https://doi.org/10.7910/DVN/ZQKOBU,2015-11-03,ASTI Namibia database,Arts and Humanities,Africa,AGROVOC,http://aims.fao.org/aos/agrovoc/c_165
2694375,https://doi.org/10.7910/DVN/ZQKOBU,2015-11-03,ASTI Namibia database,Arts and Humanities,agricultural research,AGROVOC,http://aims.fao.org/aos/agrovoc/c_8679
2694375,https://doi.org/10.7910/DVN/ZQKOBU,2015-11-03,ASTI Namibia database,Social Sciences,Namibia,AGROVOC,http://aims.fao.org/aos/agrovoc/c_5063
2694375,https://doi.org/10.7910/DVN/ZQKOBU,2015-11-03,ASTI Namibia database,Social Sciences,Southern Africa,AGROVOC,http://aims.fao.org/aos/agrovoc/c_7265
2694375,https://doi.org/10.7910/DVN/ZQKOBU,2015-11-03,ASTI Namibia database,Social Sciences,Africa South of Sahara,AGROVOC,http://aims.fao.org/aos/agrovoc/c_166
2694375,https://doi.org/10.7910/DVN/ZQKOBU,2015-11-03,ASTI Namibia database,Social Sciences,Africa,AGROVOC,http://aims.fao.org/aos/agrovoc/c_165
2694375,https://doi.org/10.7910/DVN/ZQKOBU,2015-11-03,ASTI Namibia database,Social Sciences,agricultural research,AGROVOC,http://aims.fao.org/aos/agrovoc/c_8679
2694376,https://doi.org/10.7910/DVN/AC8HWF,2015-11-03,ASTI Nigeria database,Arts and Humanities,Nigeria,AGROVOC,http://aims.fao.org/aos/agrovoc/c_5182
2694376,https://doi.org/10.7910/DVN/AC8HWF,2015-11-03,ASTI Nigeria database,Arts and Humanities,West Africa,AGROVOC,http://aims.fao.org/aos/agrovoc/c_8355
2694376,https://doi.org/10.7910/DVN/AC8HWF,2015-11-03,ASTI Nigeria database,Arts and Humanities,Africa South of Sahara,AGROVOC,http://aims.fao.org/aos/agrovoc/c_166
2694376,https://doi.org/10.7910/DVN/AC8HWF,2015-11-03,ASTI Nigeria database,Arts and Humanities,Africa,AGROVOC,http://aims.fao.org/aos/agrovoc/c_165
2694376,https://doi.org/10.7910/DVN/AC8HWF,2015-11-03,ASTI Nigeria database,Arts and Humanities,agricultural research,AGROVOC,http://aims.fao.org/aos/agrovoc/c_8679
2694376,https://doi.org/10.7910/DVN/AC8HWF,2015-11-03,ASTI Nigeria database,Social Sciences,Nigeria,AGROVOC,http://aims.fao.org/aos/agrovoc/c_5182
2694376,https://doi.org/10.7910/DVN/AC8HWF,2015-11-03,ASTI Nigeria database,Social Sciences,West Africa,AGROVOC,http://aims.fao.org/aos/agrovoc/c_8355
2694376,https://doi.org/10.7910/DVN/AC8HWF,2015-11-03,ASTI Nigeria database,Social Sciences,Africa South of Sahara,AGROVOC,http://aims.fao.org/aos/agrovoc/c_166
2694376,https://doi.org/10.7910/DVN/AC8HWF,2015-11-03,ASTI Nigeria database,Social Sciences,Africa,AGROVOC,http://aims.fao.org/aos/agrovoc/c_165
2694376,https://doi.org/10.7910/DVN/AC8HWF,2015-11-03,ASTI Nigeria database,Social Sciences,agricultural research,AGROVOC,http://aims.fao.org/aos/agrovoc/c_8679
2694663,https://doi.org/10.7910/DVN/VRTE2L,2015-11-03,ASTI Burkina Faso database,Arts and Humanities,Burkina Faso,AGROVOC,http://aims.fao.org/aos/agrovoc/c_8081
2694663,https://doi.org/10.7910/DVN/VRTE2L,2015-11-03,ASTI Burkina Faso database,Arts and Humanities,West Africa,AGROVOC,http://aims.fao.org/aos/agrovoc/c_8355
2694663,https://doi.org/10.7910/DVN/VRTE2L,2015-11-03,ASTI Burkina Faso database,Arts and Humanities,Africa South of Sahara,AGROVOC,http://aims.fao.org/aos/agrovoc/c_166
2694663,https://doi.org/10.7910/DVN/VRTE2L,2015-11-03,ASTI Burkina Faso database,Arts and Humanities,Africa,AGROVOC,http://aims.fao.org/aos/agrovoc/c_165
2694663,https://doi.org/10.7910/DVN/VRTE2L,2015-11-03,ASTI Burkina Faso database,Arts and Humanities,agricultural research,AGROVOC,http://aims.fao.org/aos/agrovoc/c_8679
2694663,https://doi.org/10.7910/DVN/VRTE2L,2015-11-03,ASTI Burkina Faso database,Social Sciences,Burkina Faso,AGROVOC,http://aims.fao.org/aos/agrovoc/c_8081
2694663,https://doi.org/10.7910/DVN/VRTE2L,2015-11-03,ASTI Burkina Faso database,Social Sciences,West Africa,AGROVOC,http://aims.fao.org/aos/agrovoc/c_8355
2694663,https://doi.org/10.7910/DVN/VRTE2L,2015-11-03,ASTI Burkina Faso database,Social Sciences,Africa South of Sahara,AGROVOC,http://aims.fao.org/aos/agrovoc/c_166
2694663,https://doi.org/10.7910/DVN/VRTE2L,2015-11-03,ASTI Burkina Faso database,Social Sciences,Africa,AGROVOC,http://aims.fao.org/aos/agrovoc/c_165
2694663,https://doi.org/10.7910/DVN/VRTE2L,2015-11-03,ASTI Burkina Faso database,Social Sciences,agricultural research,AGROVOC,http://aims.fao.org/aos/agrovoc/c_8679
2694813,https://doi.org/10.7910/DVN/5LHT8V,2015-11-03,ASTI Togo database,Arts and Humanities,Togo,AGROVOC,http://aims.fao.org/aos/agrovoc/c_7801
2694813,https://doi.org/10.7910/DVN/5LHT8V,2015-11-03,ASTI Togo database,Arts and Humanities,West Africa,AGROVOC,http://aims.fao.org/aos/agrovoc/c_8355
2694813,https://doi.org/10.7910/DVN/5LHT8V,2015-11-03,ASTI Togo database,Arts and Humanities,Africa South of Sahara,AGROVOC,http://aims.fao.org/aos/agrovoc/c_166
2694813,https://doi.org/10.7910/DVN/5LHT8V,2015-11-03,ASTI Togo database,Arts and Humanities,Africa,AGROVOC,http://aims.fao.org/aos/agrovoc/c_165
2694813,https://doi.org/10.7910/DVN/5LHT8V,2015-11-03,ASTI Togo database,Arts and Humanities,agricultural research,AGROVOC,http://aims.fao.org/aos/agrovoc/c_8679
2694813,https://doi.org/10.7910/DVN/5LHT8V,2015-11-03,ASTI Togo database,Social Sciences,Togo,AGROVOC,http://aims.fao.org/aos/agrovoc/c_7801
2694813,https://doi.org/10.7910/DVN/5LHT8V,2015-11-03,ASTI Togo database,Social Sciences,West Africa,AGROVOC,http://aims.fao.org/aos/agrovoc/c_8355
2694813,https://doi.org/10.7910/DVN/5LHT8V,2015-11-03,ASTI Togo database,Social Sciences,Africa South of Sahara,AGROVOC,http://aims.fao.org/aos/agrovoc/c_166
2694813,https://doi.org/10.7910/DVN/5LHT8V,2015-11-03,ASTI Togo database,Social Sciences,Africa,AGROVOC,http://aims.fao.org/aos/agrovoc/c_165
2694813,https://doi.org/10.7910/DVN/5LHT8V,2015-11-03,ASTI Togo database,Social Sciences,agricultural research,AGROVOC,http://aims.fao.org/aos/agrovoc/c_8679
2694814,https://doi.org/10.7910/DVN/IQQ2TS,2015-11-03,ASTI Turkey database,Arts and Humanities,Turkey,AGROVOC,http://aims.fao.org/aos/agrovoc/c_8013
2694814,https://doi.org/10.7910/DVN/IQQ2TS,2015-11-03,ASTI Turkey database,Arts and Humanities,Western Asia,AGROVOC,http://aims.fao.org/aos/agrovoc/c_29174
2694814,https://doi.org/10.7910/DVN/IQQ2TS,2015-11-03,ASTI Turkey database,Arts and Humanities,Asia,AGROVOC,http://aims.fao.org/aos/agrovoc/c_666
2694814,https://doi.org/10.7910/DVN/IQQ2TS,2015-11-03,ASTI Turkey database,Arts and Humanities,agricultural research,AGROVOC,http://aims.fao.org/aos/agrovoc/c_8679
2694814,https://doi.org/10.7910/DVN/IQQ2TS,2015-11-03,ASTI Turkey database,Social Sciences,Turkey,AGROVOC,http://aims.fao.org/aos/agrovoc/c_8013
2694814,https://doi.org/10.7910/DVN/IQQ2TS,2015-11-03,ASTI Turkey database,Social Sciences,Western Asia,AGROVOC,http://aims.fao.org/aos/agrovoc/c_29174
2694814,https://doi.org/10.7910/DVN/IQQ2TS,2015-11-03,ASTI Turkey database,Social Sciences,Asia,AGROVOC,http://aims.fao.org/aos/agrovoc/c_666
2694814,https://doi.org/10.7910/DVN/IQQ2TS,2015-11-03,ASTI Turkey database,Social Sciences,agricultural research,AGROVOC,http://aims.fao.org/aos/agrovoc/c_8679
2694815,https://doi.org/10.7910/DVN/BKERTH,2015-11-03,ASTI Uganda database,Arts and Humanities,Uganda,AGROVOC,http://aims.fao.org/aos/agrovoc/c_8038
2694815,https://doi.org/10.7910/DVN/BKERTH,2015-11-03,ASTI Uganda database,Arts and Humanities,East Africa,AGROVOC,http://aims.fao.org/aos/agrovoc/c_2442
2694815,https://doi.org/10.7910/DVN/BKERTH,2015-11-03,ASTI Uganda database,Arts and Humanities,Africa South of Sahara,AGROVOC,http://aims.fao.org/aos/agrovoc/c_166
2694815,https://doi.org/10.7910/DVN/BKERTH,2015-11-03,ASTI Uganda database,Arts and Humanities,Africa,AGROVOC,http://aims.fao.org/aos/agrovoc/c_165
2694815,https://doi.org/10.7910/DVN/BKERTH,2015-11-03,ASTI Uganda database,Arts and Humanities,agricultural research  ,AGROVOC,http://aims.fao.org/aos/agrovoc/c_8679
2694815,https://doi.org/10.7910/DVN/BKERTH,2015-11-03,ASTI Uganda database,Social Sciences,Uganda,AGROVOC,http://aims.fao.org/aos/agrovoc/c_8038
2694815,https://doi.org/10.7910/DVN/BKERTH,2015-11-03,ASTI Uganda database,Social Sciences,East Africa,AGROVOC,http://aims.fao.org/aos/agrovoc/c_2442
2694815,https://doi.org/10.7910/DVN/BKERTH,2015-11-03,ASTI Uganda database,Social Sciences,Africa South of Sahara,AGROVOC,http://aims.fao.org/aos/agrovoc/c_166
2694815,https://doi.org/10.7910/DVN/BKERTH,2015-11-03,ASTI Uganda database,Social Sciences,Africa,AGROVOC,http://aims.fao.org/aos/agrovoc/c_165
2694815,https://doi.org/10.7910/DVN/BKERTH,2015-11-03,ASTI Uganda database,Social Sciences,agricultural research  ,AGROVOC,http://aims.fao.org/aos/agrovoc/c_8679
2694816,https://doi.org/10.7910/DVN/WBL59B,2015-11-03,ASTI Yemen database,Arts and Humanities,Yemen,AGROVOC,http://aims.fao.org/aos/agrovoc/c_8483
2694816,https://doi.org/10.7910/DVN/WBL59B,2015-11-03,ASTI Yemen database,Arts and Humanities,Western Asia,AGROVOC,http://aims.fao.org/aos/agrovoc/c_29174
2694816,https://doi.org/10.7910/DVN/WBL59B,2015-11-03,ASTI Yemen database,Arts and Humanities,Asia,AGROVOC,http://aims.fao.org/aos/agrovoc/c_666
2694816,https://doi.org/10.7910/DVN/WBL59B,2015-11-03,ASTI Yemen database,Arts and Humanities,agricultural research,AGROVOC,http://aims.fao.org/aos/agrovoc/c_8679
2694816,https://doi.org/10.7910/DVN/WBL59B,2015-11-03,ASTI Yemen database,Social Sciences,Yemen,AGROVOC,http://aims.fao.org/aos/agrovoc/c_8483
2694816,https://doi.org/10.7910/DVN/WBL59B,2015-11-03,ASTI Yemen database,Social Sciences,Western Asia,AGROVOC,http://aims.fao.org/aos/agrovoc/c_29174
2694816,https://doi.org/10.7910/DVN/WBL59B,2015-11-03,ASTI Yemen database,Social Sciences,Asia,AGROVOC,http://aims.fao.org/aos/agrovoc/c_666
2694816,https://doi.org/10.7910/DVN/WBL59B,2015-11-03,ASTI Yemen database,Social Sciences,agricultural research,AGROVOC,http://aims.fao.org/aos/agrovoc/c_8679
2694864,https://doi.org/10.7910/DVN/MQY7NQ,2015-11-03,ASTI Sierra Leone database,Arts and Humanities,Sierra Leone,AGROVOC,http://aims.fao.org/aos/agrovoc/c_7057
2694864,https://doi.org/10.7910/DVN/MQY7NQ,2015-11-03,ASTI Sierra Leone database,Arts and Humanities,West Africa,AGROVOC,http://aims.fao.org/aos/agrovoc/c_8355
2694864,https://doi.org/10.7910/DVN/MQY7NQ,2015-11-03,ASTI Sierra Leone database,Arts and Humanities,Africa South of Sahara,AGROVOC,http://aims.fao.org/aos/agrovoc/c_166
2694864,https://doi.org/10.7910/DVN/MQY7NQ,2015-11-03,ASTI Sierra Leone database,Arts and Humanities,Africa,AGROVOC,http://aims.fao.org/aos/agrovoc/c_165
2694864,https://doi.org/10.7910/DVN/MQY7NQ,2015-11-03,ASTI Sierra Leone database,Arts and Humanities,agricultural research,AGROVOC,http://aims.fao.org/aos/agrovoc/c_8679
2694864,https://doi.org/10.7910/DVN/MQY7NQ,2015-11-03,ASTI Sierra Leone database,Social Sciences,Sierra Leone,AGROVOC,http://aims.fao.org/aos/agrovoc/c_7057
2694864,https://doi.org/10.7910/DVN/MQY7NQ,2015-11-03,ASTI Sierra Leone database,Social Sciences,West Africa,AGROVOC,http://aims.fao.org/aos/agrovoc/c_8355
2694864,https://doi.org/10.7910/DVN/MQY7NQ,2015-11-03,ASTI Sierra Leone database,Social Sciences,Africa South of Sahara,AGROVOC,http://aims.fao.org/aos/agrovoc/c_166
2694864,https://doi.org/10.7910/DVN/MQY7NQ,2015-11-03,ASTI Sierra Leone database,Social Sciences,Africa,AGROVOC,http://aims.fao.org/aos/agrovoc/c_165
2694864,https://doi.org/10.7910/DVN/MQY7NQ,2015-11-03,ASTI Sierra Leone database,Social Sciences,agricultural research,AGROVOC,http://aims.fao.org/aos/agrovoc/c_8679
2694865,https://doi.org/10.7910/DVN/IR12XU,2015-11-03, ASTI Oman database ,Arts and Humanities,Oman,AGROVOC,http://aims.fao.org/aos/agrovoc/c_5345
2694865,https://doi.org/10.7910/DVN/IR12XU,2015-11-03, ASTI Oman database ,Arts and Humanities,Gulf States,AGROVOC,http://aims.fao.org/aos/agrovoc/c_29178
2694865,https://doi.org/10.7910/DVN/IR12XU,2015-11-03, ASTI Oman database ,Arts and Humanities,Western Asia,AGROVOC,http://aims.fao.org/aos/agrovoc/c_29174
2694865,https://doi.org/10.7910/DVN/IR12XU,2015-11-03, ASTI Oman database ,Arts and Humanities,Asia,AGROVOC,http://aims.fao.org/aos/agrovoc/c_666
2694865,https://doi.org/10.7910/DVN/IR12XU,2015-11-03, ASTI Oman database ,Arts and Humanities,agricultural research,AGROVOC,http://aims.fao.org/aos/agrovoc/c_8679
2694865,https://doi.org/10.7910/DVN/IR12XU,2015-11-03, ASTI Oman database ,Social Sciences,Oman,AGROVOC,http://aims.fao.org/aos/agrovoc/c_5345
2694865,https://doi.org/10.7910/DVN/IR12XU,2015-11-03, ASTI Oman database ,Social Sciences,Gulf States,AGROVOC,http://aims.fao.org/aos/agrovoc/c_29178
2694865,https://doi.org/10.7910/DVN/IR12XU,2015-11-03, ASTI Oman database ,Social Sciences,Western Asia,AGROVOC,http://aims.fao.org/aos/agrovoc/c_29174
2694865,https://doi.org/10.7910/DVN/IR12XU,2015-11-03, ASTI Oman database ,Social Sciences,Asia,AGROVOC,http://aims.fao.org/aos/agrovoc/c_666
2694865,https://doi.org/10.7910/DVN/IR12XU,2015-11-03, ASTI Oman database ,Social Sciences,agricultural research,AGROVOC,http://aims.fao.org/aos/agrovoc/c_8679
2694866,https://doi.org/10.7910/DVN/KNI58X,2015-11-03,ASTI Rwanda database,Arts and Humanities,Rwanda,AGROVOC,http://aims.fao.org/aos/agrovoc/c_6717
2694866,https://doi.org/10.7910/DVN/KNI58X,2015-11-03,ASTI Rwanda database,Arts and Humanities,Central Africa,AGROVOC,http://aims.fao.org/aos/agrovoc/c_1432
2694866,https://doi.org/10.7910/DVN/KNI58X,2015-11-03,ASTI Rwanda database,Arts and Humanities,Africa South of Sahara,AGROVOC,http://aims.fao.org/aos/agrovoc/c_166
2694866,https://doi.org/10.7910/DVN/KNI58X,2015-11-03,ASTI Rwanda database,Arts and Humanities,Africa,AGROVOC,http://aims.fao.org/aos/agrovoc/c_165
2694866,https://doi.org/10.7910/DVN/KNI58X,2015-11-03,ASTI Rwanda database,Arts and Humanities,agricultural research,AGROVOC,http://aims.fao.org/aos/agrovoc/c_8679
2694866,https://doi.org/10.7910/DVN/KNI58X,2015-11-03,ASTI Rwanda database,Social Sciences,Rwanda,AGROVOC,http://aims.fao.org/aos/agrovoc/c_6717
2694866,https://doi.org/10.7910/DVN/KNI58X,2015-11-03,ASTI Rwanda database,Social Sciences,Central Africa,AGROVOC,http://aims.fao.org/aos/agrovoc/c_1432
2694866,https://doi.org/10.7910/DVN/KNI58X,2015-11-03,ASTI Rwanda database,Social Sciences,Africa South of Sahara,AGROVOC,http://aims.fao.org/aos/agrovoc/c_166
2694866,https://doi.org/10.7910/DVN/KNI58X,2015-11-03,ASTI Rwanda database,Social Sciences,Africa,AGROVOC,http://aims.fao.org/aos/agrovoc/c_165
2694866,https://doi.org/10.7910/DVN/KNI58X,2015-11-03,ASTI Rwanda database,Social Sciences,agricultural research,AGROVOC,http://aims.fao.org/aos/agrovoc/c_8679
2694867,https://doi.org/10.7910/DVN/RE6WVM,2015-11-03,ASTI Senegal database,Arts and Humanities,Senegal,AGROVOC,http://aims.fao.org/aos/agrovoc/c_6970
2694867,https://doi.org/10.7910/DVN/RE6WVM,2015-11-03,ASTI Senegal database,Arts and Humanities,West Africa,AGROVOC,http://aims.fao.org/aos/agrovoc/c_8355
2694867,https://doi.org/10.7910/DVN/RE6WVM,2015-11-03,ASTI Senegal database,Arts and Humanities,Africa South of Sahara,AGROVOC,http://aims.fao.org/aos/agrovoc/c_166
2694867,https://doi.org/10.7910/DVN/RE6WVM,2015-11-03,ASTI Senegal database,Arts and Humanities,Africa,AGROVOC,http://aims.fao.org/aos/agrovoc/c_165
2694867,https://doi.org/10.7910/DVN/RE6WVM,2015-11-03,ASTI Senegal database,Arts and Humanities,agricultural research,AGROVOC,http://aims.fao.org/aos/agrovoc/c_8679
2694867,https://doi.org/10.7910/DVN/RE6WVM,2015-11-03,ASTI Senegal database,Social Sciences,Senegal,AGROVOC,http://aims.fao.org/aos/agrovoc/c_6970
2694867,https://doi.org/10.7910/DVN/RE6WVM,2015-11-03,ASTI Senegal database,Social Sciences,West Africa,AGROVOC,http://aims.fao.org/aos/agrovoc/c_8355
2694867,https://doi.org/10.7910/DVN/RE6WVM,2015-11-03,ASTI Senegal database,Social Sciences,Africa South of Sahara,AGROVOC,http://aims.fao.org/aos/agrovoc/c_166
2694867,https://doi.org/10.7910/DVN/RE6WVM,2015-11-03,ASTI Senegal database,Social Sciences,Africa,AGROVOC,http://aims.fao.org/aos/agrovoc/c_165
2694867,https://doi.org/10.7910/DVN/RE6WVM,2015-11-03,ASTI Senegal database,Social Sciences,agricultural research,AGROVOC,http://aims.fao.org/aos/agrovoc/c_8679
2694868,https://doi.org/10.7910/DVN/GHDHIK,2015-11-03,ASTI Guinea database,Arts and Humanities,Guinea,AGROVOC,http://aims.fao.org/aos/agrovoc/c_3423
2694868,https://doi.org/10.7910/DVN/GHDHIK,2015-11-03,ASTI Guinea database,Arts and Humanities,West Africa,AGROVOC,http://aims.fao.org/aos/agrovoc/c_8355
2694868,https://doi.org/10.7910/DVN/GHDHIK,2015-11-03,ASTI Guinea database,Arts and Humanities,Africa South of Sahara,AGROVOC,http://aims.fao.org/aos/agrovoc/c_166
2694868,https://doi.org/10.7910/DVN/GHDHIK,2015-11-03,ASTI Guinea database,Arts and Humanities,Africa,AGROVOC,http://aims.fao.org/aos/agrovoc/c_165
2694868,https://doi.org/10.7910/DVN/GHDHIK,2015-11-03,ASTI Guinea database,Arts and Humanities,agricultural research,AGROVOC,http://aims.fao.org/aos/agrovoc/c_8679
2694868,https://doi.org/10.7910/DVN/GHDHIK,2015-11-03,ASTI Guinea database,Social Sciences,Guinea,AGROVOC,http://aims.fao.org/aos/agrovoc/c_3423
2694868,https://doi.org/10.7910/DVN/GHDHIK,2015-11-03,ASTI Guinea database,Social Sciences,West Africa,AGROVOC,http://aims.fao.org/aos/agrovoc/c_8355
2694868,https://doi.org/10.7910/DVN/GHDHIK,2015-11-03,ASTI Guinea database,Social Sciences,Africa South of Sahara,AGROVOC,http://aims.fao.org/aos/agrovoc/c_166
2694868,https://doi.org/10.7910/DVN/GHDHIK,2015-11-03,ASTI Guinea database,Social Sciences,Africa,AGROVOC,http://aims.fao.org/aos/agrovoc/c_165
2694868,https://doi.org/10.7910/DVN/GHDHIK,2015-11-03,ASTI Guinea database,Social Sciences,agricultural research,AGROVOC,http://aims.fao.org/aos/agrovoc/c_8679
2694869,https://doi.org/10.7910/DVN/4JQOLN,2015-11-03,ASTI Sudan database,Arts and Humanities,Sudan,AGROVOC,http://aims.fao.org/aos/agrovoc/c_7497
2694869,https://doi.org/10.7910/DVN/4JQOLN,2015-11-03,ASTI Sudan database,Arts and Humanities,East Africa,AGROVOC,http://aims.fao.org/aos/agrovoc/c_2442
2694869,https://doi.org/10.7910/DVN/4JQOLN,2015-11-03,ASTI Sudan database,Arts and Humanities,Africa South of Sahara,AGROVOC,http://aims.fao.org/aos/agrovoc/c_166
2694869,https://doi.org/10.7910/DVN/4JQOLN,2015-11-03,ASTI Sudan database,Arts and Humanities,Africa,AGROVOC,http://aims.fao.org/aos/agrovoc/c_165
2694869,https://doi.org/10.7910/DVN/4JQOLN,2015-11-03,ASTI Sudan database,Arts and Humanities,agricultural research,AGROVOC,http://aims.fao.org/aos/agrovoc/c_8679
2694869,https://doi.org/10.7910/DVN/4JQOLN,2015-11-03,ASTI Sudan database,Social Sciences,Sudan,AGROVOC,http://aims.fao.org/aos/agrovoc/c_7497
2694869,https://doi.org/10.7910/DVN/4JQOLN,2015-11-03,ASTI Sudan database,Social Sciences,East Africa,AGROVOC,http://aims.fao.org/aos/agrovoc/c_2442
2694869,https://doi.org/10.7910/DVN/4JQOLN,2015-11-03,ASTI Sudan database,Social Sciences,Africa South of Sahara,AGROVOC,http://aims.fao.org/aos/agrovoc/c_166
2694869,https://doi.org/10.7910/DVN/4JQOLN,2015-11-03,ASTI Sudan database,Social Sciences,Africa,AGROVOC,http://aims.fao.org/aos/agrovoc/c_165
2694869,https://doi.org/10.7910/DVN/4JQOLN,2015-11-03,ASTI Sudan database,Social Sciences,agricultural research,AGROVOC,http://aims.fao.org/aos/agrovoc/c_8679
2694870,https://doi.org/10.7910/DVN/MNPPJJ,2015-11-03,ASTI Swaziland database,Arts and Humanities,Swaziland,AGROVOC,http://aims.fao.org/aos/agrovoc/c_7547
2694870,https://doi.org/10.7910/DVN/MNPPJJ,2015-11-03,ASTI Swaziland database,Arts and Humanities,eSwatini,AGROVOC,http://aims.fao.org/aos/agrovoc/c_7547
2694870,https://doi.org/10.7910/DVN/MNPPJJ,2015-11-03,ASTI Swaziland database,Arts and Humanities,Southern Africa,AGROVOC,http://aims.fao.org/aos/agrovoc/c_7265
2694870,https://doi.org/10.7910/DVN/MNPPJJ,2015-11-03,ASTI Swaziland database,Arts and Humanities,Africa South of Sahara,AGROVOC,http://aims.fao.org/aos/agrovoc/c_166
2694870,https://doi.org/10.7910/DVN/MNPPJJ,2015-11-03,ASTI Swaziland database,Arts and Humanities,Africa,AGROVOC,http://aims.fao.org/aos/agrovoc/c_165
2694870,https://doi.org/10.7910/DVN/MNPPJJ,2015-11-03,ASTI Swaziland database,Arts and Humanities,agricultural research,AGROVOC,http://aims.fao.org/aos/agrovoc/c_8679
2694870,https://doi.org/10.7910/DVN/MNPPJJ,2015-11-03,ASTI Swaziland database,Social Sciences,Swaziland,AGROVOC,http://aims.fao.org/aos/agrovoc/c_7547
2694870,https://doi.org/10.7910/DVN/MNPPJJ,2015-11-03,ASTI Swaziland database,Social Sciences,eSwatini,AGROVOC,http://aims.fao.org/aos/agrovoc/c_7547
2694870,https://doi.org/10.7910/DVN/MNPPJJ,2015-11-03,ASTI Swaziland database,Social Sciences,Southern Africa,AGROVOC,http://aims.fao.org/aos/agrovoc/c_7265
2694870,https://doi.org/10.7910/DVN/MNPPJJ,2015-11-03,ASTI Swaziland database,Social Sciences,Africa South of Sahara,AGROVOC,http://aims.fao.org/aos/agrovoc/c_166
2694870,https://doi.org/10.7910/DVN/MNPPJJ,2015-11-03,ASTI Swaziland database,Social Sciences,Africa,AGROVOC,http://aims.fao.org/aos/agrovoc/c_165
2694870,https://doi.org/10.7910/DVN/MNPPJJ,2015-11-03,ASTI Swaziland database,Social Sciences,agricultural research,AGROVOC,http://aims.fao.org/aos/agrovoc/c_8679
2694871,https://doi.org/10.7910/DVN/QLNNBW,2015-11-03,ASTI Tanzania database,Agricultural Sciences,agricultural research,AGROVOC,http://aims.fao.org/aos/agrovoc/c_8679
2694871,https://doi.org/10.7910/DVN/QLNNBW,2015-11-03,ASTI Tanzania database,Agricultural Sciences,UNITED REPUBLIC OF TANZANIA,AGROVOC,http://aims.fao.org/aos/agrovoc/c_7608
2694871,https://doi.org/10.7910/DVN/QLNNBW,2015-11-03,ASTI Tanzania database,Agricultural Sciences,EAST AFRICA,AGROVOC,http://aims.fao.org/aos/agrovoc/c_2442
2694871,https://doi.org/10.7910/DVN/QLNNBW,2015-11-03,ASTI Tanzania database,Agricultural Sciences,AFRICA SOUTH OF SAHARA,AGROVOC,http://aims.fao.org/aos/agrovoc/c_166
2694871,https://doi.org/10.7910/DVN/QLNNBW,2015-11-03,ASTI Tanzania database,Agricultural Sciences,AFRICA,AGROVOC,http://aims.fao.org/aos/agrovoc/c_165
2694871,https://doi.org/10.7910/DVN/QLNNBW,2015-11-03,ASTI Tanzania database,Social Sciences,agricultural research,AGROVOC,http://aims.fao.org/aos/agrovoc/c_8679
2694871,https://doi.org/10.7910/DVN/QLNNBW,2015-11-03,ASTI Tanzania database,Social Sciences,UNITED REPUBLIC OF TANZANIA,AGROVOC,http://aims.fao.org/aos/agrovoc/c_7608
2694871,https://doi.org/10.7910/DVN/QLNNBW,2015-11-03,ASTI Tanzania database,Social Sciences,EAST AFRICA,AGROVOC,http://aims.fao.org/aos/agrovoc/c_2442
2694871,https://doi.org/10.7910/DVN/QLNNBW,2015-11-03,ASTI Tanzania database,Social Sciences,AFRICA SOUTH OF SAHARA,AGROVOC,http://aims.fao.org/aos/agrovoc/c_166
2694871,https://doi.org/10.7910/DVN/QLNNBW,2015-11-03,ASTI Tanzania database,Social Sciences,AFRICA,AGROVOC,http://aims.fao.org/aos/agrovoc/c_165
2694872,https://doi.org/10.7910/DVN/DKWPIN,2015-11-03,ASTI Gambia database,Arts and Humanities,Gambia,AGROVOC,http://aims.fao.org/aos/agrovoc/c_3177
2694872,https://doi.org/10.7910/DVN/DKWPIN,2015-11-03,ASTI Gambia database,Arts and Humanities,West Africa,AGROVOC,http://aims.fao.org/aos/agrovoc/c_8355
2694872,https://doi.org/10.7910/DVN/DKWPIN,2015-11-03,ASTI Gambia database,Arts and Humanities,Africa South of Sahara,AGROVOC,http://aims.fao.org/aos/agrovoc/c_166
2694872,https://doi.org/10.7910/DVN/DKWPIN,2015-11-03,ASTI Gambia database,Arts and Humanities,Africa,AGROVOC,http://aims.fao.org/aos/agrovoc/c_165
2694872,https://doi.org/10.7910/DVN/DKWPIN,2015-11-03,ASTI Gambia database,Arts and Humanities,agricultural research,AGROVOC,http://aims.fao.org/aos/agrovoc/c_8679
2694872,https://doi.org/10.7910/DVN/DKWPIN,2015-11-03,ASTI Gambia database,Social Sciences,Gambia,AGROVOC,http://aims.fao.org/aos/agrovoc/c_3177
2694872,https://doi.org/10.7910/DVN/DKWPIN,2015-11-03,ASTI Gambia database,Social Sciences,West Africa,AGROVOC,http://aims.fao.org/aos/agrovoc/c_8355
2694872,https://doi.org/10.7910/DVN/DKWPIN,2015-11-03,ASTI Gambia database,Social Sciences,Africa South of Sahara,AGROVOC,http://aims.fao.org/aos/agrovoc/c_166
2694872,https://doi.org/10.7910/DVN/DKWPIN,2015-11-03,ASTI Gambia database,Social Sciences,Africa,AGROVOC,http://aims.fao.org/aos/agrovoc/c_165
2694872,https://doi.org/10.7910/DVN/DKWPIN,2015-11-03,ASTI Gambia database,Social Sciences,agricultural research,AGROVOC,http://aims.fao.org/aos/agrovoc/c_8679
2694873,https://doi.org/10.7910/DVN/YOENAT,2015-11-03,ASTI Zimbabwe database,Arts and Humanities,Zimbabwe,AGROVOC,http://aims.fao.org/aos/agrovoc/c_8516
2694873,https://doi.org/10.7910/DVN/YOENAT,2015-11-03,ASTI Zimbabwe database,Arts and Humanities,Southern Africa,AGROVOC,http://aims.fao.org/aos/agrovoc/c_7265
2694873,https://doi.org/10.7910/DVN/YOENAT,2015-11-03,ASTI Zimbabwe database,Arts and Humanities,Africa South of Sahara,AGROVOC,http://aims.fao.org/aos/agrovoc/c_166
2694873,https://doi.org/10.7910/DVN/YOENAT,2015-11-03,ASTI Zimbabwe database,Arts and Humanities,Africa,AGROVOC,http://aims.fao.org/aos/agrovoc/c_165
2694873,https://doi.org/10.7910/DVN/YOENAT,2015-11-03,ASTI Zimbabwe database,Arts and Humanities,agricultural research ,AGROVOC,http://aims.fao.org/aos/agrovoc/c_8679
2694873,https://doi.org/10.7910/DVN/YOENAT,2015-11-03,ASTI Zimbabwe database,Physics,Zimbabwe,AGROVOC,http://aims.fao.org/aos/agrovoc/c_8516
2694873,https://doi.org/10.7910/DVN/YOENAT,2015-11-03,ASTI Zimbabwe database,Physics,Southern Africa,AGROVOC,http://aims.fao.org/aos/agrovoc/c_7265
2694873,https://doi.org/10.7910/DVN/YOENAT,2015-11-03,ASTI Zimbabwe database,Physics,Africa South of Sahara,AGROVOC,http://aims.fao.org/aos/agrovoc/c_166
2694873,https://doi.org/10.7910/DVN/YOENAT,2015-11-03,ASTI Zimbabwe database,Physics,Africa,AGROVOC,http://aims.fao.org/aos/agrovoc/c_165
2694873,https://doi.org/10.7910/DVN/YOENAT,2015-11-03,ASTI Zimbabwe database,Physics,agricultural research ,AGROVOC,http://aims.fao.org/aos/agrovoc/c_8679
2694873,https://doi.org/10.7910/DVN/YOENAT,2015-11-03,ASTI Zimbabwe database,Social Sciences,Zimbabwe,AGROVOC,http://aims.fao.org/aos/agrovoc/c_8516
2694873,https://doi.org/10.7910/DVN/YOENAT,2015-11-03,ASTI Zimbabwe database,Social Sciences,Southern Africa,AGROVOC,http://aims.fao.org/aos/agrovoc/c_7265
2694873,https://doi.org/10.7910/DVN/YOENAT,2015-11-03,ASTI Zimbabwe database,Social Sciences,Africa South of Sahara,AGROVOC,http://aims.fao.org/aos/agrovoc/c_166
2694873,https://doi.org/10.7910/DVN/YOENAT,2015-11-03,ASTI Zimbabwe database,Social Sciences,Africa,AGROVOC,http://aims.fao.org/aos/agrovoc/c_165
2694873,https://doi.org/10.7910/DVN/YOENAT,2015-11-03,ASTI Zimbabwe database,Social Sciences,agricultural research ,AGROVOC,http://aims.fao.org/aos/agrovoc/c_8679
2694874,https://doi.org/10.7910/DVN/MDNRRV,2015-11-03,ASTI India database,Arts and Humanities,India,AGROVOC,http://aims.fao.org/aos/agrovoc/c_3825
2694874,https://doi.org/10.7910/DVN/MDNRRV,2015-11-03,ASTI India database,Arts and Humanities,South Asia,AGROVOC,http://aims.fao.org/aos/agrovoc/c_29172
2694874,https://doi.org/10.7910/DVN/MDNRRV,2015-11-03,ASTI India database,Arts and Humanities,Asia,AGROVOC,http://aims.fao.org/aos/agrovoc/c_666
2694874,https://doi.org/10.7910/DVN/MDNRRV,2015-11-03,ASTI India database,Arts and Humanities,agricultural research,AGROVOC,http://aims.fao.org/aos/agrovoc/c_8679
2694874,https://doi.org/10.7910/DVN/MDNRRV,2015-11-03,ASTI India database,Social Sciences,India,AGROVOC,http://aims.fao.org/aos/agrovoc/c_3825
2694874,https://doi.org/10.7910/DVN/MDNRRV,2015-11-03,ASTI India database,Social Sciences,South Asia,AGROVOC,http://aims.fao.org/aos/agrovoc/c_29172
2694874,https://doi.org/10.7910/DVN/MDNRRV,2015-11-03,ASTI India database,Social Sciences,Asia,AGROVOC,http://aims.fao.org/aos/agrovoc/c_666
2694874,https://doi.org/10.7910/DVN/MDNRRV,2015-11-03,ASTI India database,Social Sciences,agricultural research,AGROVOC,http://aims.fao.org/aos/agrovoc/c_8679
2694875,https://doi.org/10.7910/DVN/GZKBRU,2015-11-03,ASTI Pakistan database,Arts and Humanities,Pakistan,AGROVOC,http://aims.fao.org/aos/agrovoc/c_5504
2694875,https://doi.org/10.7910/DVN/GZKBRU,2015-11-03,ASTI Pakistan database,Arts and Humanities,South Asia,AGROVOC,http://aims.fao.org/aos/agrovoc/c_29172
2694875,https://doi.org/10.7910/DVN/GZKBRU,2015-11-03,ASTI Pakistan database,Arts and Humanities,Asia,AGROVOC,http://aims.fao.org/aos/agrovoc/c_666
2694875,https://doi.org/10.7910/DVN/GZKBRU,2015-11-03,ASTI Pakistan database,Arts and Humanities,agricultural research,AGROVOC,http://aims.fao.org/aos/agrovoc/c_8679
2694875,https://doi.org/10.7910/DVN/GZKBRU,2015-11-03,ASTI Pakistan database,Social Sciences,Pakistan,AGROVOC,http://aims.fao.org/aos/agrovoc/c_5504
2694875,https://doi.org/10.7910/DVN/GZKBRU,2015-11-03,ASTI Pakistan database,Social Sciences,South Asia,AGROVOC,http://aims.fao.org/aos/agrovoc/c_29172
2694875,https://doi.org/10.7910/DVN/GZKBRU,2015-11-03,ASTI Pakistan database,Social Sciences,Asia,AGROVOC,http://aims.fao.org/aos/agrovoc/c_666
2694875,https://doi.org/10.7910/DVN/GZKBRU,2015-11-03,ASTI Pakistan database,Social Sciences,agricultural research,AGROVOC,http://aims.fao.org/aos/agrovoc/c_8679
2694876,https://doi.org/10.7910/DVN/CNKPU6,2015-11-03,ASTI Sri Lanka Database,Arts and Humanities,SRI LANKA,AGROVOC,http://aims.fao.org/aos/agrovoc/c_7345
2694876,https://doi.org/10.7910/DVN/CNKPU6,2015-11-03,ASTI Sri Lanka Database,Arts and Humanities,SOUTH ASIA,AGROVOC,http://aims.fao.org/aos/agrovoc/c_29172
2694876,https://doi.org/10.7910/DVN/CNKPU6,2015-11-03,ASTI Sri Lanka Database,Arts and Humanities,ASIA,AGROVOC,http://aims.fao.org/aos/agrovoc/c_666
2694876,https://doi.org/10.7910/DVN/CNKPU6,2015-11-03,ASTI Sri Lanka Database,Arts and Humanities,agricultural research,AGROVOC,http://aims.fao.org/aos/agrovoc/c_8679
2694876,https://doi.org/10.7910/DVN/CNKPU6,2015-11-03,ASTI Sri Lanka Database,Social Sciences,SRI LANKA,AGROVOC,http://aims.fao.org/aos/agrovoc/c_7345
2694876,https://doi.org/10.7910/DVN/CNKPU6,2015-11-03,ASTI Sri Lanka Database,Social Sciences,SOUTH ASIA,AGROVOC,http://aims.fao.org/aos/agrovoc/c_29172
2694876,https://doi.org/10.7910/DVN/CNKPU6,2015-11-03,ASTI Sri Lanka Database,Social Sciences,ASIA,AGROVOC,http://aims.fao.org/aos/agrovoc/c_666
2694876,https://doi.org/10.7910/DVN/CNKPU6,2015-11-03,ASTI Sri Lanka Database,Social Sciences,agricultural research,AGROVOC,http://aims.fao.org/aos/agrovoc/c_8679
2694877,https://doi.org/10.7910/DVN/J9NONK,2015-11-03, ASTI China database,Arts and Humanities,China,AGROVOC, http://aims.fao.org/aos/agrovoc/c_1556
2694877,https://doi.org/10.7910/DVN/J9NONK,2015-11-03, ASTI China database,Arts and Humanities,East Asia,AGROVOC,http://aims.fao.org/aos/agrovoc/c_29171
2694877,https://doi.org/10.7910/DVN/J9NONK,2015-11-03, ASTI China database,Arts and Humanities,Asia,AGROVOC,http://aims.fao.org/aos/agrovoc/c_666
2694877,https://doi.org/10.7910/DVN/J9NONK,2015-11-03, ASTI China database,Arts and Humanities,agricultural research,AGROVOC,http://aims.fao.org/aos/agrovoc/c_8679
2694877,https://doi.org/10.7910/DVN/J9NONK,2015-11-03, ASTI China database,Social Sciences,China,AGROVOC, http://aims.fao.org/aos/agrovoc/c_1556
2694877,https://doi.org/10.7910/DVN/J9NONK,2015-11-03, ASTI China database,Social Sciences,East Asia,AGROVOC,http://aims.fao.org/aos/agrovoc/c_29171
2694877,https://doi.org/10.7910/DVN/J9NONK,2015-11-03, ASTI China database,Social Sciences,Asia,AGROVOC,http://aims.fao.org/aos/agrovoc/c_666
2694877,https://doi.org/10.7910/DVN/J9NONK,2015-11-03, ASTI China database,Social Sciences,agricultural research,AGROVOC,http://aims.fao.org/aos/agrovoc/c_8679
2727973,https://doi.org/10.7910/DVN/LLVX1G,2015-11-17,ASTI global assessment of agricultural R&D spending,Arts and Humanities,agricultural research,AGROVOC,http://aims.fao.org/aos/agrovoc/c_8679 
2727973,https://doi.org/10.7910/DVN/LLVX1G,2015-11-17,ASTI global assessment of agricultural R&D spending,Arts and Humanities,agricultural development,AGROVOC,http://aims.fao.org/aos/agrovoc/c_199
2727973,https://doi.org/10.7910/DVN/LLVX1G,2015-11-17,ASTI global assessment of agricultural R&D spending,Arts and Humanities,economic growth,AGROVOC,http://aims.fao.org/aos/agrovoc/c_2474
2727973,https://doi.org/10.7910/DVN/LLVX1G,2015-11-17,ASTI global assessment of agricultural R&D spending,Arts and Humanities,Brazil,AGROVOC,http://aims.fao.org/aos/agrovoc/c_1070
2727973,https://doi.org/10.7910/DVN/LLVX1G,2015-11-17,ASTI global assessment of agricultural R&D spending,Arts and Humanities,China,AGROVOC,http://aims.fao.org/aos/agrovoc/c_1556
2727973,https://doi.org/10.7910/DVN/LLVX1G,2015-11-17,ASTI global assessment of agricultural R&D spending,Arts and Humanities,India,AGROVOC,http://aims.fao.org/aos/agrovoc/c_3825
2727973,https://doi.org/10.7910/DVN/LLVX1G,2015-11-17,ASTI global assessment of agricultural R&D spending,Arts and Humanities,Soviet Union,AGROVOC,http://aims.fao.org/aos/agrovoc/c_8118
2727973,https://doi.org/10.7910/DVN/LLVX1G,2015-11-17,ASTI global assessment of agricultural R&D spending,Arts and Humanities,Latin America,AGROVOC,http://aims.fao.org/aos/agrovoc/c_4221
2727973,https://doi.org/10.7910/DVN/LLVX1G,2015-11-17,ASTI global assessment of agricultural R&D spending,Arts and Humanities,Eastern Europe,AGROVOC,http://aims.fao.org/aos/agrovoc/c_2448
2727973,https://doi.org/10.7910/DVN/LLVX1G,2015-11-17,ASTI global assessment of agricultural R&D spending,Arts and Humanities,Caribbean,AGROVOC,http://aims.fao.org/aos/agrovoc/c_1320
2727973,https://doi.org/10.7910/DVN/LLVX1G,2015-11-17,ASTI global assessment of agricultural R&D spending,Arts and Humanities,South Asia,AGROVOC,http://aims.fao.org/aos/agrovoc/c_29172
2727973,https://doi.org/10.7910/DVN/LLVX1G,2015-11-17,ASTI global assessment of agricultural R&D spending,Arts and Humanities,Africa South of Sahara,AGROVOC,http://aims.fao.org/aos/agrovoc/c_166
2727973,https://doi.org/10.7910/DVN/LLVX1G,2015-11-17,ASTI global assessment of agricultural R&D spending,Arts and Humanities,North Africa,AGROVOC,http://aims.fao.org/aos/agrovoc/c_5218
2727973,https://doi.org/10.7910/DVN/LLVX1G,2015-11-17,ASTI global assessment of agricultural R&D spending,Arts and Humanities,Africa,AGROVOC,http://aims.fao.org/aos/agrovoc/c_165
2727973,https://doi.org/10.7910/DVN/LLVX1G,2015-11-17,ASTI global assessment of agricultural R&D spending,Arts and Humanities,Asia,AGROVOC,http://aims.fao.org/aos/agrovoc/c_666
2727973,https://doi.org/10.7910/DVN/LLVX1G,2015-11-17,ASTI global assessment of agricultural R&D spending,Social Sciences,agricultural research,AGROVOC,http://aims.fao.org/aos/agrovoc/c_8679 
2727973,https://doi.org/10.7910/DVN/LLVX1G,2015-11-17,ASTI global assessment of agricultural R&D spending,Social Sciences,agricultural development,AGROVOC,http://aims.fao.org/aos/agrovoc/c_199
2727973,https://doi.org/10.7910/DVN/LLVX1G,2015-11-17,ASTI global assessment of agricultural R&D spending,Social Sciences,economic growth,AGROVOC,http://aims.fao.org/aos/agrovoc/c_2474
2727973,https://doi.org/10.7910/DVN/LLVX1G,2015-11-17,ASTI global assessment of agricultural R&D spending,Social Sciences,Brazil,AGROVOC,http://aims.fao.org/aos/agrovoc/c_1070
2727973,https://doi.org/10.7910/DVN/LLVX1G,2015-11-17,ASTI global assessment of agricultural R&D spending,Social Sciences,China,AGROVOC,http://aims.fao.org/aos/agrovoc/c_1556
2727973,https://doi.org/10.7910/DVN/LLVX1G,2015-11-17,ASTI global assessment of agricultural R&D spending,Social Sciences,India,AGROVOC,http://aims.fao.org/aos/agrovoc/c_3825
2727973,https://doi.org/10.7910/DVN/LLVX1G,2015-11-17,ASTI global assessment of agricultural R&D spending,Social Sciences,Soviet Union,AGROVOC,http://aims.fao.org/aos/agrovoc/c_8118
2727973,https://doi.org/10.7910/DVN/LLVX1G,2015-11-17,ASTI global assessment of agricultural R&D spending,Social Sciences,Latin America,AGROVOC,http://aims.fao.org/aos/agrovoc/c_4221
2727973,https://doi.org/10.7910/DVN/LLVX1G,2015-11-17,ASTI global assessment of agricultural R&D spending,Social Sciences,Eastern Europe,AGROVOC,http://aims.fao.org/aos/agrovoc/c_2448
2727973,https://doi.org/10.7910/DVN/LLVX1G,2015-11-17,ASTI global assessment of agricultural R&D spending,Social Sciences,Caribbean,AGROVOC,http://aims.fao.org/aos/agrovoc/c_1320
2727973,https://doi.org/10.7910/DVN/LLVX1G,2015-11-17,ASTI global assessment of agricultural R&D spending,Social Sciences,South Asia,AGROVOC,http://aims.fao.org/aos/agrovoc/c_29172
2727973,https://doi.org/10.7910/DVN/LLVX1G,2015-11-17,ASTI global assessment of agricultural R&D spending,Social Sciences,Africa South of Sahara,AGROVOC,http://aims.fao.org/aos/agrovoc/c_166
2727973,https://doi.org/10.7910/DVN/LLVX1G,2015-11-17,ASTI global assessment of agricultural R&D spending,Social Sciences,North Africa,AGROVOC,http://aims.fao.org/aos/agrovoc/c_5218
2727973,https://doi.org/10.7910/DVN/LLVX1G,2015-11-17,ASTI global assessment of agricultural R&D spending,Social Sciences,Africa,AGROVOC,http://aims.fao.org/aos/agrovoc/c_165
2727973,https://doi.org/10.7910/DVN/LLVX1G,2015-11-17,ASTI global assessment of agricultural R&D spending,Social Sciences,Asia,AGROVOC,http://aims.fao.org/aos/agrovoc/c_666
3102105,https://doi.org/10.7910/DVN/8GPPTG,2018-01-16,ASTI Cameroon Database,Agricultural Sciences,agricultural research,AGROVOC,http://aims.fao.org/aos/agrovoc/c_8679
3102105,https://doi.org/10.7910/DVN/8GPPTG,2018-01-16,ASTI Cameroon Database,Agricultural Sciences,CAMEROON,AGROVOC,http://aims.fao.org/aos/agrovoc/c_1229
3102105,https://doi.org/10.7910/DVN/8GPPTG,2018-01-16,ASTI Cameroon Database,Agricultural Sciences,CENTRAL AFRICA,AGROVOC,http://aims.fao.org/aos/agrovoc/c_1432
3102105,https://doi.org/10.7910/DVN/8GPPTG,2018-01-16,ASTI Cameroon Database,Agricultural Sciences,AFRICA SOUTH OF SAHARA,AGROVOC,http://aims.fao.org/aos/agrovoc/c_166
3102105,https://doi.org/10.7910/DVN/8GPPTG,2018-01-16,ASTI Cameroon Database,Agricultural Sciences,AFRICA,AGROVOC,http://aims.fao.org/aos/agrovoc/c_166
3102105,https://doi.org/10.7910/DVN/8GPPTG,2018-01-16,ASTI Cameroon Database,Social Sciences,agricultural research,AGROVOC,http://aims.fao.org/aos/agrovoc/c_8679
3102105,https://doi.org/10.7910/DVN/8GPPTG,2018-01-16,ASTI Cameroon Database,Social Sciences,CAMEROON,AGROVOC,http://aims.fao.org/aos/agrovoc/c_1229
3102105,https://doi.org/10.7910/DVN/8GPPTG,2018-01-16,ASTI Cameroon Database,Social Sciences,CENTRAL AFRICA,AGROVOC,http://aims.fao.org/aos/agrovoc/c_1432
3102105,https://doi.org/10.7910/DVN/8GPPTG,2018-01-16,ASTI Cameroon Database,Social Sciences,AFRICA SOUTH OF SAHARA,AGROVOC,http://aims.fao.org/aos/agrovoc/c_166
3102105,https://doi.org/10.7910/DVN/8GPPTG,2018-01-16,ASTI Cameroon Database,Social Sciences,AFRICA,AGROVOC,http://aims.fao.org/aos/agrovoc/c_166
3102291,https://doi.org/10.7910/DVN/RSVA09,2018-01-16,ASTI Cote dIvoire Database,Agricultural Sciences,agricultural research,AGROVOC,http://aims.fao.org/aos/agrovoc/c_8679
3102291,https://doi.org/10.7910/DVN/RSVA09,2018-01-16,ASTI Cote dIvoire Database,Agricultural Sciences,COTE D'IVOIRE,AGROVOC,http://aims.fao.org/aos/agrovoc/c_4027
3102291,https://doi.org/10.7910/DVN/RSVA09,2018-01-16,ASTI Cote dIvoire Database,Agricultural Sciences,WEST AFRICA,AGROVOC,http://aims.fao.org/aos/agrovoc/c_8355
3102291,https://doi.org/10.7910/DVN/RSVA09,2018-01-16,ASTI Cote dIvoire Database,Agricultural Sciences,AFRICA SOUTH OF SAHARA,AGROVOC,http://aims.fao.org/aos/agrovoc/c_166
3102291,https://doi.org/10.7910/DVN/RSVA09,2018-01-16,ASTI Cote dIvoire Database,Agricultural Sciences,AFRICA,AGROVOC,http://aims.fao.org/aos/agrovoc/c_165
3102291,https://doi.org/10.7910/DVN/RSVA09,2018-01-16,ASTI Cote dIvoire Database,Social Sciences,agricultural research,AGROVOC,http://aims.fao.org/aos/agrovoc/c_8679
3102291,https://doi.org/10.7910/DVN/RSVA09,2018-01-16,ASTI Cote dIvoire Database,Social Sciences,COTE D'IVOIRE,AGROVOC,http://aims.fao.org/aos/agrovoc/c_4027
3102291,https://doi.org/10.7910/DVN/RSVA09,2018-01-16,ASTI Cote dIvoire Database,Social Sciences,WEST AFRICA,AGROVOC,http://aims.fao.org/aos/agrovoc/c_8355
3102291,https://doi.org/10.7910/DVN/RSVA09,2018-01-16,ASTI Cote dIvoire Database,Social Sciences,AFRICA SOUTH OF SAHARA,AGROVOC,http://aims.fao.org/aos/agrovoc/c_166
3102291,https://doi.org/10.7910/DVN/RSVA09,2018-01-16,ASTI Cote dIvoire Database,Social Sciences,AFRICA,AGROVOC,http://aims.fao.org/aos/agrovoc/c_165
3102684,https://doi.org/10.7910/DVN/HYF6G9,2018-01-16,ASTI Niger Database,Agricultural Sciences,agricultural research,AGROVOC,http://aims.fao.org/aos/agrovoc/c_8679
3102684,https://doi.org/10.7910/DVN/HYF6G9,2018-01-16,ASTI Niger Database,Agricultural Sciences,NIGER,AGROVOC,http://aims.fao.org/aos/agrovoc/c_5181
3102684,https://doi.org/10.7910/DVN/HYF6G9,2018-01-16,ASTI Niger Database,Agricultural Sciences,WEST AFRICA,AGROVOC,http://aims.fao.org/aos/agrovoc/c_8355
3102684,https://doi.org/10.7910/DVN/HYF6G9,2018-01-16,ASTI Niger Database,Agricultural Sciences,AFRICA SOUTH OF SAHARA,AGROVOC,http://aims.fao.org/aos/agrovoc/c_166
3102684,https://doi.org/10.7910/DVN/HYF6G9,2018-01-16,ASTI Niger Database,Agricultural Sciences,AFRICA,AGROVOC,http://aims.fao.org/aos/agrovoc/c_8679
3102684,https://doi.org/10.7910/DVN/HYF6G9,2018-01-16,ASTI Niger Database,Social Sciences,agricultural research,AGROVOC,http://aims.fao.org/aos/agrovoc/c_8679
3102684,https://doi.org/10.7910/DVN/HYF6G9,2018-01-16,ASTI Niger Database,Social Sciences,NIGER,AGROVOC,http://aims.fao.org/aos/agrovoc/c_5181
3102684,https://doi.org/10.7910/DVN/HYF6G9,2018-01-16,ASTI Niger Database,Social Sciences,WEST AFRICA,AGROVOC,http://aims.fao.org/aos/agrovoc/c_8355
3102684,https://doi.org/10.7910/DVN/HYF6G9,2018-01-16,ASTI Niger Database,Social Sciences,AFRICA SOUTH OF SAHARA,AGROVOC,http://aims.fao.org/aos/agrovoc/c_166
3102684,https://doi.org/10.7910/DVN/HYF6G9,2018-01-16,ASTI Niger Database,Social Sciences,AFRICA,AGROVOC,http://aims.fao.org/aos/agrovoc/c_8679
3102930,https://doi.org/10.7910/DVN/ACXBG9,2018-01-16,ASTI South Africa Database,Agricultural Sciences,agricultural research,AGROVOC,http://aims.fao.org/aos/agrovoc/c_8679
3102930,https://doi.org/10.7910/DVN/ACXBG9,2018-01-16,ASTI South Africa Database,Agricultural Sciences,SOUTH AFRICA,AGROVOC,http://aims.fao.org/aos/agrovoc/c_7252
3102930,https://doi.org/10.7910/DVN/ACXBG9,2018-01-16,ASTI South Africa Database,Agricultural Sciences,SOUTHERN AFRICA,AGROVOC,http://aims.fao.org/aos/agrovoc/c_7265
3102930,https://doi.org/10.7910/DVN/ACXBG9,2018-01-16,ASTI South Africa Database,Agricultural Sciences,AFRICA SOUTH OF SAHARA,AGROVOC,http://aims.fao.org/aos/agrovoc/c_166
3102930,https://doi.org/10.7910/DVN/ACXBG9,2018-01-16,ASTI South Africa Database,Agricultural Sciences,AFRICA,AGROVOC,http://aims.fao.org/aos/agrovoc/c_166
3102930,https://doi.org/10.7910/DVN/ACXBG9,2018-01-16,ASTI South Africa Database,Social Sciences,agricultural research,AGROVOC,http://aims.fao.org/aos/agrovoc/c_8679
3102930,https://doi.org/10.7910/DVN/ACXBG9,2018-01-16,ASTI South Africa Database,Social Sciences,SOUTH AFRICA,AGROVOC,http://aims.fao.org/aos/agrovoc/c_7252
3102930,https://doi.org/10.7910/DVN/ACXBG9,2018-01-16,ASTI South Africa Database,Social Sciences,SOUTHERN AFRICA,AGROVOC,http://aims.fao.org/aos/agrovoc/c_7265
3102930,https://doi.org/10.7910/DVN/ACXBG9,2018-01-16,ASTI South Africa Database,Social Sciences,AFRICA SOUTH OF SAHARA,AGROVOC,http://aims.fao.org/aos/agrovoc/c_166
3102930,https://doi.org/10.7910/DVN/ACXBG9,2018-01-16,ASTI South Africa Database,Social Sciences,AFRICA,AGROVOC,http://aims.fao.org/aos/agrovoc/c_166
3102933,https://doi.org/10.7910/DVN/ZUFXYG,2018-01-16,ASTI Zambia Database,Agricultural Sciences,agricultural research,AGROVOC,http://aims.fao.org/aos/agrovoc/c_8679
3102933,https://doi.org/10.7910/DVN/ZUFXYG,2018-01-16,ASTI Zambia Database,Agricultural Sciences,ZAMBIA,AGROVOC,http://aims.fao.org/aos/agrovoc/c_8501
3102933,https://doi.org/10.7910/DVN/ZUFXYG,2018-01-16,ASTI Zambia Database,Agricultural Sciences,SOUTHERN AFRICA,AGROVOC, http://aims.fao.org/aos/agrovoc/c_7265
3102933,https://doi.org/10.7910/DVN/ZUFXYG,2018-01-16,ASTI Zambia Database,Agricultural Sciences,AFRICA SOUTH OF SAHARA,AGROVOC,http://aims.fao.org/aos/agrovoc/c_166
3102933,https://doi.org/10.7910/DVN/ZUFXYG,2018-01-16,ASTI Zambia Database,Agricultural Sciences,AFRICA,AGROVOC,http://aims.fao.org/aos/agrovoc/c_166
3102933,https://doi.org/10.7910/DVN/ZUFXYG,2018-01-16,ASTI Zambia Database,Social Sciences,agricultural research,AGROVOC,http://aims.fao.org/aos/agrovoc/c_8679
3102933,https://doi.org/10.7910/DVN/ZUFXYG,2018-01-16,ASTI Zambia Database,Social Sciences,ZAMBIA,AGROVOC,http://aims.fao.org/aos/agrovoc/c_8501
3102933,https://doi.org/10.7910/DVN/ZUFXYG,2018-01-16,ASTI Zambia Database,Social Sciences,SOUTHERN AFRICA,AGROVOC, http://aims.fao.org/aos/agrovoc/c_7265
3102933,https://doi.org/10.7910/DVN/ZUFXYG,2018-01-16,ASTI Zambia Database,Social Sciences,AFRICA SOUTH OF SAHARA,AGROVOC,http://aims.fao.org/aos/agrovoc/c_166
3102933,https://doi.org/10.7910/DVN/ZUFXYG,2018-01-16,ASTI Zambia Database,Social Sciences,AFRICA,AGROVOC,http://aims.fao.org/aos/agrovoc/c_166
5245674,https://doi.org/10.7910/DVN/Y7HUZI,2023-01-04,ASTI Zambia database,Agricultural Sciences,agricultural research,AGROVOC,http://aims.fao.org/aos/agrovoc/c_8679
5245674,https://doi.org/10.7910/DVN/Y7HUZI,2023-01-04,ASTI Zambia database,Agricultural Sciences,ZAMBIA,AGROVOC,http://aims.fao.org/aos/agrovoc/c_8501
5245674,https://doi.org/10.7910/DVN/Y7HUZI,2023-01-04,ASTI Zambia database,Agricultural Sciences,SOUTHERN AFRICA,AGROVOC,http://aims.fao.org/aos/agrovoc/c_7265
5245674,https://doi.org/10.7910/DVN/Y7HUZI,2023-01-04,ASTI Zambia database,Agricultural Sciences,AFRICA SOUTH OF SAHARA,AGROVOC,http://aims.fao.org/aos/agrovoc/c_166
5245674,https://doi.org/10.7910/DVN/Y7HUZI,2023-01-04,ASTI Zambia database,Agricultural Sciences,AFRICA,AGROVOC,http://aims.fao.org/aos/agrovoc/c_166
5245674,https://doi.org/10.7910/DVN/Y7HUZI,2023-01-04,ASTI Zambia database,Social Sciences,agricultural research,AGROVOC,http://aims.fao.org/aos/agrovoc/c_8679
5245674,https://doi.org/10.7910/DVN/Y7HUZI,2023-01-04,ASTI Zambia database,Social Sciences,ZAMBIA,AGROVOC,http://aims.fao.org/aos/agrovoc/c_8501
5245674,https://doi.org/10.7910/DVN/Y7HUZI,2023-01-04,ASTI Zambia database,Social Sciences,SOUTHERN AFRICA,AGROVOC,http://aims.fao.org/aos/agrovoc/c_7265
5245674,https://doi.org/10.7910/DVN/Y7HUZI,2023-01-04,ASTI Zambia database,Social Sciences,AFRICA SOUTH OF SAHARA,AGROVOC,http://aims.fao.org/aos/agrovoc/c_166
5245674,https://doi.org/10.7910/DVN/Y7HUZI,2023-01-04,ASTI Zambia database,Social Sciences,AFRICA,AGROVOC,http://aims.fao.org/aos/agrovoc/c_166
